model,condition,language,identity,strength,repeat,independent_score,interdependent_score,timestamp,q1,q2,q3,q4,q5,q6,q7,q8,q9,q10,q11,q12,q13,q14,q15,q16,q17,q18,q19,q20,q21,q22,q23,q24,q25,q26,q27,q28,q29,q30
gpt-3.5-turbo,polski_amerykanska_weak,polski,amerykanska,weak,1,5.266666666666667,5.066666666666666,2025-06-16T20:04:17.781811,6,6,4,5,6,3,6,5,3,6,5,7,5,6,6,5,5,6,4,5,6,6,5,4,5,5,6,6,5,3
gpt-3.5-turbo,polski_amerykanska_weak,polski,amerykanska,weak,2,5.733333333333333,5.266666666666667,2025-06-16T20:04:21.524091,6,6,5,6,6,5,6,5,5,6,6,5,6,6,6,5,5,6,5,5,5,6,5,6,6,5,6,5,5,5
gpt-3.5-turbo,polski_amerykanska_weak,polski,amerykanska,weak,3,4.8,5.0,2025-06-16T20:04:25.454082,6,6,3,6,6,2,6,5,3,6,3,6,6,6,5,5,6,6,4,2,6,6,5,2,7,6,6,6,2,3
gpt-3.5-turbo,polski_amerykanska_weak,polski,amerykanska,weak,4,5.533333333333333,5.066666666666666,2025-06-16T20:04:29.942629,6,6,5,5,6,4,6,5,5,6,4,6,6,6,6,5,5,6,5,4,6,6,5,5,6,5,6,5,4,4
gpt-3.5-turbo,polski_amerykanska_weak,polski,amerykanska,weak,5,5.466666666666667,5.4,2025-06-16T20:04:34.202570,6,6,4,6,6,5,6,5,4,6,6,6,6,6,5,6,6,6,4,6,6,6,5,5,6,5,6,5,4,4
gpt-3.5-turbo,polski_amerykanska_strong,polski,amerykanska,strong,1,5.6,5.0,2025-06-16T20:04:37.384692,6,6,3,6,6,5,6,5,5,7,6,5,6,6,5,5,5,6,2,5,5,6,5,4,6,5,7,5,6,4
gpt-3.5-turbo,polski_amerykanska_strong,polski,amerykanska,strong,2,5.8,4.733333333333333,2025-06-16T20:04:42.290139,6,6,3,5,6,5,7,4,4,7,5,5,6,6,6,5,4,6,4,5,6,7,4,5,7,4,7,5,5,3
gpt-3.5-turbo,polski_amerykanska_strong,polski,amerykanska,strong,3,5.4,5.266666666666667,2025-06-16T20:04:48.150341,6,6,3,5,6,5,6,5,6,6,6,5,6,6,6,5,6,5,4,4,6,7,5,4,6,5,6,5,4,5
gpt-3.5-turbo,polski_amerykanska_strong,polski,amerykanska,strong,4,5.8,4.866666666666666,2025-06-16T20:04:53.778079,6,6,3,5,6,5,7,5,6,7,3,5,7,5,6,6,5,6,4,4,6,7,5,5,7,5,6,5,4,3
gpt-3.5-turbo,polski_amerykanska_strong,polski,amerykanska,strong,5,5.666666666666667,5.0,2025-06-16T20:04:57.259555,6,5,3,4,6,5,7,5,6,6,4,7,6,5,6,5,5,6,4,5,7,7,5,4,7,5,5,6,5,3
gpt-3.5-turbo,polski_polska_weak,polski,polska,weak,1,5.066666666666666,4.8,2025-06-16T20:05:01.355358,6,5,3,5,6,3,6,5,6,6,5,6,6,6,5,5,5,5,2,3,6,6,5,3,6,5,6,6,3,3
gpt-3.5-turbo,polski_polska_weak,polski,polska,weak,2,5.333333333333333,5.2,2025-06-16T20:05:06.062815,6,6,4,6,6,6,4,5,6,6,4,5,6,6,6,6,6,6,4,5,5,6,5,4,5,5,6,5,4,4
gpt-3.5-turbo,polski_polska_weak,polski,polska,weak,3,4.866666666666666,5.333333333333333,2025-06-16T20:05:14.876718,6,6,4,5,4,5,5,6,5,6,4,6,6,5,4,6,6,5,4,4,6,6,5,4,5,6,5,6,4,4
gpt-3.5-turbo,polski_polska_weak,polski,polska,weak,4,5.0,5.066666666666666,2025-06-16T20:05:17.732150,6,6,3,5,6,2,5,6,3,6,4,6,6,6,6,6,5,6,5,3,6,6,6,4,6,6,6,4,3,3
gpt-3.5-turbo,polski_polska_weak,polski,polska,weak,5,4.6,4.466666666666667,2025-06-16T20:05:22.342299,6,5,3,6,6,3,6,5,3,6,4,5,6,5,5,5,5,5,2,2,6,6,3,1,6,5,6,5,2,3
gpt-3.5-turbo,polski_polska_strong,polski,polska,strong,1,3.933333333333333,5.6,2025-06-16T20:05:28.382396,1,6,3,6,4,5,4,6,3,6,6,6,5,6,4,6,5,5,6,3,6,7,6,4,5,5,2,6,3,3
gpt-3.5-turbo,polski_polska_strong,polski,polska,strong,2,5.333333333333333,6.066666666666666,2025-06-16T20:05:33.710051,6,6,5,6,4,5,5,7,6,6,5,6,6,7,4,7,6,6,4,5,7,7,6,4,5,7,5,7,6,5
gpt-3.5-turbo,polski_polska_strong,polski,polska,strong,3,4.066666666666666,5.533333333333333,2025-06-16T20:05:37.804299,2,6,5,6,3,6,4,6,4,5,5,6,6,5,3,6,6,5,4,3,6,6,5,4,4,6,3,6,4,4
gpt-3.5-turbo,polski_polska_strong,polski,polska,strong,4,4.066666666666666,5.666666666666667,2025-06-16T20:05:42.821431,1,6,5,6,3,6,3,6,3,6,5,7,6,6,3,6,5,6,3,6,7,6,5,3,4,6,3,6,3,5
gpt-3.5-turbo,polski_polska_strong,polski,polska,strong,5,3.933333333333333,5.933333333333334,2025-06-16T20:05:46.303711,2,6,5,6,2,5,4,7,3,6,5,7,6,7,2,7,6,6,6,3,6,7,5,3,5,6,2,6,3,4
gpt-3.5-turbo,polski_neutralna_weak,polski,neutralna,weak,1,5.6,5.333333333333333,2025-06-16T20:05:51.222153,7,6,4,6,6,5,4,5,6,6,5,6,6,6,5,5,6,6,4,5,6,6,5,4,6,5,7,6,6,4
gpt-3.5-turbo,polski_neutralna_weak,polski,neutralna,weak,2,5.466666666666667,5.0,2025-06-16T20:05:55.800015,6,5,4,5,6,5,7,5,4,6,4,6,6,5,5,6,5,5,4,4,6,7,5,5,7,5,6,5,4,4
gpt-3.5-turbo,polski_neutralna_weak,polski,neutralna,weak,3,5.533333333333333,5.133333333333334,2025-06-16T20:05:59.216785,6,6,4,5,6,4,6,5,5,7,4,6,7,6,5,6,6,5,4,5,6,6,5,4,7,5,6,5,4,4
gpt-3.5-turbo,polski_neutralna_weak,polski,neutralna,weak,4,5.133333333333334,5.2,2025-06-16T20:06:04.764701,6,5,3,6,5,4,6,5,4,6,2,7,6,6,4,6,6,5,6,4,7,7,4,4,7,5,6,6,4,3
gpt-3.5-turbo,polski_neutralna_weak,polski,neutralna,weak,5,5.2,5.133333333333334,2025-06-16T20:06:09.926325,6,5,3,6,6,5,6,5,6,6,4,6,5,6,4,6,5,5,4,4,6,7,5,3,6,5,6,5,5,4
gpt-3.5-turbo,polski_neutralna_strong,polski,neutralna,strong,1,5.2,5.2,2025-06-16T20:06:16.327047,6,5,3,5,6,4,6,6,4,7,5,6,6,7,5,6,5,4,4,4,6,7,5,3,7,6,6,5,4,3
gpt-3.5-turbo,polski_neutralna_strong,polski,neutralna,strong,2,5.466666666666667,4.8,2025-06-16T20:06:21.176184,6,5,4,5,6,4,6,5,5,6,4,5,6,6,5,6,5,6,4,5,5,6,4,4,6,5,6,5,5,4
gpt-3.5-turbo,polski_neutralna_strong,polski,neutralna,strong,3,5.266666666666667,4.933333333333334,2025-06-16T20:06:24.712277,6,4,3,5,6,5,7,6,3,6,5,6,7,6,4,6,5,6,4,5,5,5,4,4,6,5,6,5,5,3
gpt-3.5-turbo,polski_neutralna_strong,polski,neutralna,strong,4,5.866666666666666,5.666666666666667,2025-06-16T20:06:39.231589,6,6,5,5,6,7,6,5,6,7,4,6,7,6,5,6,7,6,4,6,6,7,5,4,7,6,5,6,5,6
gpt-3.5-turbo,polski_neutralna_strong,polski,neutralna,strong,5,5.266666666666667,5.4,2025-06-16T20:06:43.057257,6,6,4,5,6,5,6,5,6,6,6,6,6,6,5,6,6,6,5,4,6,6,5,4,6,5,4,5,4,4
gpt-3.5-turbo,polski_japonska_weak,polski,japonska,weak,1,4.533333333333333,6.133333333333334,2025-06-16T20:06:47.812433,6,6,6,7,1,7,6,6,1,6,7,6,6,6,1,6,6,6,4,4,7,6,6,1,7,6,7,6,4,6
gpt-3.5-turbo,polski_japonska_weak,polski,japonska,weak,2,5.4,5.866666666666666,2025-06-16T20:06:52.998284,5,5,5,6,5,6,6,6,5,6,6,6,5,6,5,6,6,6,6,5,6,6,6,5,6,6,6,6,5,5
gpt-3.5-turbo,polski_japonska_weak,polski,japonska,weak,3,5.266666666666667,5.666666666666667,2025-06-16T20:06:57.610815,6,5,5,6,5,4,5,6,5,6,6,6,5,6,5,6,6,5,6,5,6,6,5,4,6,6,6,6,5,5
gpt-3.5-turbo,polski_japonska_weak,polski,japonska,weak,4,4.933333333333334,5.866666666666666,2025-06-16T20:07:03.840883,6,6,3,7,6,5,6,6,3,6,6,6,6,6,4,6,6,6,7,3,7,6,5,4,6,6,6,6,3,3
gpt-3.5-turbo,polski_japonska_weak,polski,japonska,weak,5,4.8,6.133333333333334,2025-06-16T20:07:08.461752,5,6,7,6,3,6,5,6,3,5,6,7,6,6,3,6,7,5,6,5,7,7,5,3,7,6,5,7,3,5
gpt-3.5-turbo,polski_japonska_strong,polski,japonska,strong,1,3.2,6.066666666666666,2025-06-16T20:07:12.899675,1,5,5,6,4,6,5,7,3,6,5,7,1,6,2,6,5,4,7,2,7,5,7,4,2,6,1,7,3,4
gpt-3.5-turbo,polski_japonska_strong,polski,japonska,strong,2,3.3333333333333335,5.733333333333333,2025-06-16T20:07:18.188659,2,6,5,6,4,5,2,5,4,6,5,7,2,6,4,5,6,4,6,4,7,3,5,3,2,6,3,7,2,4
gpt-3.5-turbo,polski_japonska_strong,polski,japonska,strong,3,3.933333333333333,5.8,2025-06-16T20:07:22.628392,3,6,5,6,3,5,3,6,3,6,6,6,3,6,3,6,5,6,6,3,6,6,6,3,6,6,3,6,3,5
gpt-3.5-turbo,polski_japonska_strong,polski,japonska,strong,4,3.2666666666666666,5.8,2025-06-16T20:07:26.876325,2,6,5,6,2,6,2,6,3,6,6,6,2,6,2,6,6,3,6,3,6,6,6,2,6,6,2,6,3,3
gpt-3.5-turbo,polski_japonska_strong,polski,japonska,strong,5,3.533333333333333,6.0,2025-06-16T20:07:31.161192,1,5,5,6,4,6,4,6,3,7,6,7,1,6,1,6,5,5,7,4,7,7,6,3,4,7,1,6,3,4
gpt-3.5-turbo,angielski_amerykanska_weak,angielski,amerykanska,weak,1,5.466666666666667,4.8,2025-06-16T20:07:36.006742,6,5,4,6,6,4,6,5,6,5,5,5,6,5,4,4,5,6,5,5,4,6,5,5,6,5,6,5,5,4
gpt-3.5-turbo,angielski_amerykanska_weak,angielski,amerykanska,weak,2,5.466666666666667,5.0,2025-06-16T20:07:41.103032,5,6,4,5,6,5,6,4,5,6,5,5,6,5,4,5,6,6,5,6,6,5,4,5,6,5,6,5,6,4
gpt-3.5-turbo,angielski_amerykanska_weak,angielski,amerykanska,weak,3,5.2,5.266666666666667,2025-06-16T20:07:46.521736,6,6,4,6,5,5,6,5,5,5,6,5,5,6,5,5,6,6,4,5,5,6,5,4,6,5,5,6,5,4
gpt-3.5-turbo,angielski_amerykanska_weak,angielski,amerykanska,weak,4,5.0,5.0,2025-06-16T20:07:51.332442,6,5,4,6,5,5,6,5,4,5,5,5,5,6,4,4,5,5,5,5,5,6,5,4,6,5,5,5,5,4
gpt-3.5-turbo,angielski_amerykanska_weak,angielski,amerykanska,weak,5,5.133333333333334,4.733333333333333,2025-06-16T20:07:55.121815,5,5,4,6,6,6,5,4,6,5,5,4,5,6,5,4,4,6,5,4,4,6,5,5,6,4,5,5,4,4
gpt-3.5-turbo,angielski_amerykanska_strong,angielski,amerykanska,strong,1,5.733333333333333,4.933333333333334,2025-06-16T20:08:00.153580,6,6,4,5,6,5,6,5,4,6,5,5,6,5,6,5,4,6,5,6,5,6,5,6,6,5,6,5,6,4
gpt-3.5-turbo,angielski_amerykanska_strong,angielski,amerykanska,strong,2,5.8,4.866666666666666,2025-06-16T20:08:04.746397,6,6,4,5,6,5,6,5,6,6,5,5,6,5,5,4,4,6,5,6,5,6,5,6,6,5,6,5,6,4
gpt-3.5-turbo,angielski_amerykanska_strong,angielski,amerykanska,strong,3,5.466666666666667,4.466666666666667,2025-06-16T20:08:08.745118,6,5,4,5,6,4,6,4,6,5,5,4,6,5,5,4,4,6,5,4,4,6,5,6,6,4,6,5,4,4
gpt-3.5-turbo,angielski_amerykanska_strong,angielski,amerykanska,strong,4,5.933333333333334,4.933333333333334,2025-06-16T20:08:12.017370,6,6,4,5,7,5,6,4,6,6,5,5,6,5,6,4,6,6,5,6,5,6,5,6,6,5,6,5,6,4
gpt-3.5-turbo,angielski_amerykanska_strong,angielski,amerykanska,strong,5,5.866666666666666,4.6,2025-06-16T20:08:16.351363,6,5,4,5,6,5,6,4,6,6,5,4,6,5,6,4,4,6,5,6,4,6,5,6,6,5,6,5,6,4
gpt-3.5-turbo,angielski_polska_weak,angielski,polska,weak,1,4.333333333333333,5.2,2025-06-16T20:08:20.621037,3,5,4,6,2,6,5,5,6,6,5,5,5,6,4,5,5,4,6,4,5,6,5,3,5,5,4,5,4,4
gpt-3.5-turbo,angielski_polska_weak,angielski,polska,weak,2,5.266666666666667,5.866666666666666,2025-06-16T20:08:25.943823,4,5,6,6,4,6,6,6,6,6,6,6,5,6,4,6,6,5,6,6,6,6,6,4,6,6,5,6,6,5
gpt-3.5-turbo,angielski_polska_weak,angielski,polska,weak,3,4.2,5.6,2025-06-16T20:08:30.694610,2,6,4,6,2,6,5,6,4,5,6,6,5,6,4,5,6,6,5,4,5,6,5,4,6,5,2,6,4,5
gpt-3.5-turbo,angielski_polska_weak,angielski,polska,weak,4,4.133333333333334,5.2,2025-06-16T20:08:35.891895,2,6,4,6,3,6,5,6,3,5,6,5,4,5,4,6,4,5,6,4,5,6,4,2,5,5,6,5,4,3
gpt-3.5-turbo,angielski_polska_weak,angielski,polska,weak,5,3.7333333333333334,5.666666666666667,2025-06-16T20:08:39.687766,2,5,4,6,2,5,3,6,5,5,6,6,5,6,4,5,6,4,6,2,6,5,6,3,5,6,4,6,3,4
gpt-3.5-turbo,angielski_polska_strong,angielski,polska,strong,1,3.2,6.133333333333334,2025-06-16T20:08:45.313841,2,5,6,5,2,6,3,7,1,5,6,7,5,6,1,7,7,4,6,3,7,6,7,2,3,7,2,7,3,2
gpt-3.5-turbo,angielski_polska_strong,angielski,polska,strong,2,3.066666666666667,6.133333333333334,2025-06-16T20:08:49.031011,2,5,6,5,2,6,2,7,1,4,6,7,1,6,2,5,7,6,5,2,7,6,7,2,6,7,2,7,2,5
gpt-3.5-turbo,angielski_polska_strong,angielski,polska,strong,3,2.2666666666666666,6.133333333333334,2025-06-16T20:08:54.961995,2,6,4,6,2,6,2,6,1,2,6,7,2,6,2,6,7,3,6,3,7,2,5,2,2,7,2,7,3,4
gpt-3.5-turbo,angielski_polska_strong,angielski,polska,strong,4,3.7333333333333334,6.333333333333333,2025-06-16T20:08:59.633691,2,6,4,6,2,6,2,7,5,5,6,7,5,7,4,5,6,5,6,4,7,6,7,2,3,7,3,7,4,5
gpt-3.5-turbo,angielski_polska_strong,angielski,polska,strong,5,3.4,6.133333333333334,2025-06-16T20:09:05.928642,2,5,4,6,2,6,3,6,4,5,6,7,4,6,3,6,7,5,6,2,7,6,5,2,3,7,2,7,4,5
gpt-3.5-turbo,angielski_neutralna_weak,angielski,neutralna,weak,1,5.533333333333333,5.266666666666667,2025-06-16T20:09:09.476289,6,6,4,6,5,6,6,5,5,6,4,6,6,5,5,4,6,6,5,5,6,7,5,4,7,5,6,5,5,5
gpt-3.5-turbo,angielski_neutralna_weak,angielski,neutralna,weak,2,5.4,5.2,2025-06-16T20:09:13.967544,6,6,4,6,6,6,6,5,6,6,5,5,6,6,5,4,5,6,5,4,5,6,5,4,6,5,6,5,4,5
gpt-3.5-turbo,angielski_neutralna_weak,angielski,neutralna,weak,3,5.333333333333333,5.266666666666667,2025-06-16T20:09:18.178456,6,5,4,6,6,5,6,5,7,6,6,5,6,6,5,5,6,6,5,4,6,5,5,4,5,5,6,5,4,4
gpt-3.5-turbo,angielski_neutralna_weak,angielski,neutralna,weak,4,5.866666666666666,5.333333333333333,2025-06-16T20:09:21.294657,6,6,4,6,6,6,7,5,6,7,5,5,6,6,5,5,6,7,5,5,5,7,5,4,7,5,5,6,6,4
gpt-3.5-turbo,angielski_neutralna_weak,angielski,neutralna,weak,5,5.333333333333333,5.0,2025-06-16T20:09:25.200102,6,6,4,6,6,6,5,4,6,6,5,5,6,6,4,4,5,6,4,5,5,6,5,5,4,5,6,5,5,4
gpt-3.5-turbo,angielski_neutralna_strong,angielski,neutralna,strong,1,5.733333333333333,4.733333333333333,2025-06-16T20:09:31.009273,6,5,4,6,6,6,5,4,6,6,4,5,6,5,5,4,5,6,4,6,5,6,4,6,6,5,6,5,6,4
gpt-3.5-turbo,angielski_neutralna_strong,angielski,neutralna,strong,2,5.266666666666667,4.866666666666666,2025-06-16T20:09:35.743937,6,6,4,5,6,5,6,5,5,6,4,5,5,6,5,4,5,6,4,4,5,6,5,4,6,5,6,5,4,4
gpt-3.5-turbo,angielski_neutralna_strong,angielski,neutralna,strong,3,5.6,5.466666666666667,2025-06-16T20:09:39.856810,6,6,4,6,6,5,7,6,6,5,5,6,6,6,5,4,6,6,4,5,6,6,6,5,5,6,7,6,5,4
gpt-3.5-turbo,angielski_neutralna_strong,angielski,neutralna,strong,4,5.0,5.0,2025-06-16T20:09:45.208511,6,6,4,6,6,5,5,5,4,6,5,5,4,6,5,4,5,6,4,4,5,6,5,4,5,5,6,5,4,4
gpt-3.5-turbo,angielski_neutralna_strong,angielski,neutralna,strong,5,5.2,4.733333333333333,2025-06-16T20:09:49.446452,6,6,4,5,6,5,6,4,5,6,5,5,6,5,4,4,5,5,4,5,5,5,4,4,5,5,6,5,5,4
gpt-3.5-turbo,angielski_japonska_weak,angielski,japonska,weak,1,4.266666666666667,5.933333333333334,2025-06-16T20:09:53.501689,3,6,5,6,3,6,5,6,4,5,6,7,4,5,4,6,6,4,6,4,7,7,5,3,5,6,4,6,4,5
gpt-3.5-turbo,angielski_japonska_weak,angielski,japonska,weak,2,3.933333333333333,6.0,2025-06-16T20:10:00.262305,2,5,4,6,3,6,5,6,1,4,6,7,5,6,4,7,6,5,6,5,7,5,6,1,5,6,4,7,6,3
gpt-3.5-turbo,angielski_japonska_weak,angielski,japonska,weak,3,4.8,6.133333333333334,2025-06-16T20:10:03.838627,3,6,6,6,2,6,5,6,4,2,6,7,6,6,5,6,7,5,6,6,7,7,6,4,7,6,4,7,6,4
gpt-3.5-turbo,angielski_japonska_weak,angielski,japonska,weak,4,4.4,5.866666666666666,2025-06-16T20:10:06.800469,3,6,5,6,3,5,4,6,5,6,6,6,3,6,5,6,6,4,6,4,6,6,5,4,6,6,3,6,5,6
gpt-3.5-turbo,angielski_japonska_weak,angielski,japonska,weak,5,4.4,5.533333333333333,2025-06-16T20:10:12.647332,2,6,4,6,3,6,2,5,6,5,6,5,5,6,5,5,6,6,5,4,6,6,5,3,6,6,3,6,6,4
gpt-3.5-turbo,angielski_japonska_strong,angielski,japonska,strong,1,3.2,6.266666666666667,2025-06-16T20:10:17.559468,2,4,6,6,2,6,2,7,1,5,6,7,1,6,2,7,7,4,7,6,7,6,6,2,5,7,2,7,2,4
gpt-3.5-turbo,angielski_japonska_strong,angielski,japonska,strong,2,3.2666666666666666,5.8,2025-06-16T20:10:21.348149,2,5,6,6,2,5,2,6,3,5,6,6,3,6,3,6,6,5,6,3,6,6,6,2,3,6,2,6,2,5
gpt-3.5-turbo,angielski_japonska_strong,angielski,japonska,strong,3,1.8666666666666667,5.933333333333334,2025-06-16T20:10:25.751970,2,5,6,6,2,6,2,6,1,1,6,6,1,6,1,6,6,1,6,1,6,6,6,1,1,6,1,6,1,6
gpt-3.5-turbo,angielski_japonska_strong,angielski,japonska,strong,4,3.3333333333333335,5.733333333333333,2025-06-16T20:10:30.290678,2,4,5,6,2,6,3,5,4,5,6,7,2,6,2,5,6,4,5,3,7,6,6,2,4,6,3,7,3,4
gpt-3.5-turbo,angielski_japonska_strong,angielski,japonska,strong,5,3.066666666666667,5.733333333333333,2025-06-16T20:10:35.749048,2,4,6,6,2,6,2,6,2,4,6,6,2,6,2,6,6,4,6,2,6,4,6,2,4,6,2,6,6,4
gpt-3.5-turbo,polski_amerykanska_weak,polski,amerykanska,weak,6,5.533333333333333,5.6,2025-06-17T17:11:27.959259,6,6,5,6,6,7,6,5,3,7,4,6,6,6,6,6,6,6,6,5,6,6,5,4,6,5,6,6,5,4
gpt-3.5-turbo,polski_amerykanska_weak,polski,amerykanska,weak,7,5.4,5.266666666666667,2025-06-17T17:11:31.947829,6,6,4,6,6,4,6,4,5,6,5,6,6,6,6,5,6,5,5,4,6,5,5,5,7,5,6,5,4,5
gpt-3.5-turbo,polski_amerykanska_weak,polski,amerykanska,weak,8,5.333333333333333,5.066666666666666,2025-06-17T17:11:37.388519,6,6,3,6,6,5,6,6,6,6,2,6,6,6,5,6,6,5,2,5,6,7,6,4,7,4,6,6,2,3
gpt-3.5-turbo,polski_amerykanska_weak,polski,amerykanska,weak,9,5.466666666666667,5.333333333333333,2025-06-17T17:11:42.495038,6,5,4,6,6,3,6,5,7,6,6,5,6,6,6,6,5,6,5,4,6,7,5,3,5,5,6,6,4,6
gpt-3.5-turbo,polski_amerykanska_weak,polski,amerykanska,weak,10,5.666666666666667,5.6,2025-06-17T17:11:47.052582,6,6,4,6,6,6,6,6,6,6,4,6,6,6,6,6,6,6,4,6,6,7,6,4,6,6,6,6,4,4
gpt-3.5-turbo,polski_amerykanska_weak,polski,amerykanska,weak,11,5.466666666666667,5.2,2025-06-17T17:11:51.402920,6,6,4,6,6,4,6,5,4,5,5,6,6,6,6,5,5,6,5,6,6,6,5,5,6,5,6,5,4,4
gpt-3.5-turbo,polski_amerykanska_weak,polski,amerykanska,weak,12,5.4,5.133333333333334,2025-06-17T17:11:56.125608,6,6,5,6,6,4,6,5,4,6,4,6,6,6,6,5,5,6,3,4,6,6,5,4,6,5,6,6,4,5
gpt-3.5-turbo,polski_amerykanska_weak,polski,amerykanska,weak,13,5.133333333333334,4.933333333333334,2025-06-17T17:11:59.598030,6,5,3,6,6,5,6,5,4,6,5,6,5,6,6,5,5,5,3,5,6,6,4,4,5,4,6,5,4,4
gpt-3.5-turbo,polski_amerykanska_weak,polski,amerykanska,weak,14,5.466666666666667,5.333333333333333,2025-06-17T17:12:03.895258,6,6,5,6,5,4,6,5,5,6,5,6,6,6,5,5,6,6,5,5,6,6,5,4,6,5,6,5,5,5
gpt-3.5-turbo,polski_amerykanska_weak,polski,amerykanska,weak,15,5.6,5.333333333333333,2025-06-17T17:12:07.152459,6,6,4,6,6,4,6,4,6,6,6,6,6,6,6,6,6,6,4,4,6,6,4,6,6,6,6,6,4,4
gpt-3.5-turbo,polski_amerykanska_weak,polski,amerykanska,weak,16,5.533333333333333,5.466666666666667,2025-06-17T17:12:11.471966,6,6,4,7,6,4,5,6,4,6,5,7,6,6,6,5,6,6,4,6,7,6,5,4,6,5,6,5,6,4
gpt-3.5-turbo,polski_amerykanska_weak,polski,amerykanska,weak,17,5.466666666666667,5.333333333333333,2025-06-17T17:12:15.428783,6,7,4,6,6,4,6,5,3,6,5,6,6,6,5,6,6,6,4,6,6,7,5,4,5,5,6,5,6,4
gpt-3.5-turbo,polski_amerykanska_weak,polski,amerykanska,weak,18,5.4,5.266666666666667,2025-06-17T17:12:20.179927,6,6,5,4,6,4,5,5,6,6,6,5,6,6,6,6,6,5,5,4,5,6,5,4,6,5,6,6,4,5
gpt-3.5-turbo,polski_amerykanska_weak,polski,amerykanska,weak,19,5.4,5.133333333333334,2025-06-17T17:12:25.146138,6,5,4,6,6,4,6,5,7,6,5,6,6,6,6,5,5,6,5,4,6,5,5,4,5,5,6,5,4,4
gpt-3.5-turbo,polski_amerykanska_weak,polski,amerykanska,weak,20,5.266666666666667,5.2,2025-06-17T17:12:30.444493,6,6,4,5,6,5,6,5,3,6,4,6,6,6,6,6,6,4,4,5,6,6,4,4,6,5,6,6,5,4
gpt-3.5-turbo,polski_amerykanska_weak,polski,amerykanska,weak,21,5.2,5.066666666666666,2025-06-17T17:12:35.741183,6,6,5,6,5,4,6,5,3,6,4,6,6,7,5,6,5,6,3,4,6,7,4,4,5,5,6,5,4,4
gpt-3.5-turbo,polski_amerykanska_weak,polski,amerykanska,weak,22,5.666666666666667,5.2,2025-06-17T17:12:40.861922,6,6,4,6,6,4,6,5,6,6,4,6,6,6,6,5,5,6,4,4,7,6,5,6,6,5,7,6,4,4
gpt-3.5-turbo,polski_amerykanska_weak,polski,amerykanska,weak,23,5.533333333333333,5.133333333333334,2025-06-17T17:12:44.852359,6,6,4,5,6,4,6,5,4,6,4,6,6,6,6,5,6,5,4,5,6,6,5,6,6,5,6,6,5,4
gpt-3.5-turbo,polski_amerykanska_weak,polski,amerykanska,weak,24,5.666666666666667,4.933333333333334,2025-06-17T17:12:48.392538,6,5,4,5,6,4,6,5,4,7,4,7,6,5,6,5,4,5,4,6,7,6,5,4,7,5,6,5,6,4
gpt-3.5-turbo,polski_amerykanska_weak,polski,amerykanska,weak,25,5.466666666666667,4.933333333333334,2025-06-17T17:12:53.620330,6,6,3,5,6,3,6,5,6,6,5,6,6,5,5,6,5,6,4,5,6,6,5,4,6,5,6,5,5,3
gpt-3.5-turbo,polski_amerykanska_weak,polski,amerykanska,weak,26,5.266666666666667,5.2,2025-06-17T17:12:57.758096,6,6,3,5,6,3,6,5,5,6,5,6,6,6,6,6,6,5,5,5,6,6,5,4,4,5,7,6,4,3
gpt-3.5-turbo,polski_amerykanska_weak,polski,amerykanska,weak,27,5.466666666666667,5.2,2025-06-17T17:13:02.671050,6,6,5,6,6,3,6,5,5,6,5,6,6,6,6,5,6,6,4,4,6,6,5,4,6,5,6,5,4,5
gpt-3.5-turbo,polski_amerykanska_weak,polski,amerykanska,weak,28,5.466666666666667,4.933333333333334,2025-06-17T17:13:08.098453,6,6,4,6,6,4,6,5,5,6,4,5,6,6,5,5,5,6,4,4,5,6,5,6,6,5,6,5,4,4
gpt-3.5-turbo,polski_amerykanska_weak,polski,amerykanska,weak,29,5.733333333333333,5.466666666666667,2025-06-17T17:13:12.812557,6,6,5,6,6,5,6,5,6,6,5,6,7,7,6,6,5,6,4,5,6,6,5,5,6,5,5,6,5,5
gpt-3.5-turbo,polski_amerykanska_weak,polski,amerykanska,weak,30,5.6,5.4,2025-06-17T17:13:17.827653,6,6,3,5,7,5,6,5,4,7,5,6,6,6,4,6,7,6,4,6,7,6,5,4,7,5,6,5,6,4
gpt-3.5-turbo,polski_amerykanska_strong,polski,amerykanska,strong,6,5.266666666666667,4.133333333333334,2025-06-17T17:13:22.231834,6,5,2,6,6,4,7,5,1,6,1,5,6,6,6,6,4,6,2,3,6,6,3,4,7,3,7,3,6,3
gpt-3.5-turbo,polski_amerykanska_strong,polski,amerykanska,strong,7,5.333333333333333,4.866666666666666,2025-06-17T17:13:25.655044,6,6,3,5,6,5,7,5,5,6,4,6,6,5,6,5,6,5,2,4,6,6,5,4,6,5,6,5,4,3
gpt-3.5-turbo,polski_amerykanska_strong,polski,amerykanska,strong,8,5.4,4.866666666666666,2025-06-17T17:13:31.189143,6,7,3,5,6,4,6,4,5,6,5,5,6,7,6,5,4,6,5,4,5,6,5,5,6,4,6,5,4,3
gpt-3.5-turbo,polski_amerykanska_strong,polski,amerykanska,strong,9,5.733333333333333,5.133333333333334,2025-06-17T17:13:35.746283,7,6,3,6,6,5,7,3,5,7,5,5,7,6,5,6,5,6,4,5,6,6,5,4,6,5,7,6,5,4
gpt-3.5-turbo,polski_amerykanska_strong,polski,amerykanska,strong,10,5.533333333333333,5.066666666666666,2025-06-17T17:13:39.535002,6,6,3,5,6,5,6,5,6,6,5,5,6,6,6,6,5,6,4,4,5,6,5,6,6,5,6,5,4,4
gpt-3.5-turbo,polski_amerykanska_strong,polski,amerykanska,strong,11,5.333333333333333,4.733333333333333,2025-06-17T17:13:44.160448,6,6,3,5,6,4,6,5,6,6,3,6,6,6,5,4,4,5,4,4,6,6,4,5,6,5,6,5,4,4
gpt-3.5-turbo,polski_amerykanska_strong,polski,amerykanska,strong,12,5.466666666666667,4.8,2025-06-17T17:13:49.264037,6,6,3,5,6,4,6,4,6,6,4,6,6,6,6,5,4,6,4,4,6,6,4,5,6,5,6,6,4,3
gpt-3.5-turbo,polski_amerykanska_strong,polski,amerykanska,strong,13,5.6,5.0,2025-06-17T17:13:53.750868,6,6,3,4,6,5,7,5,5,7,4,5,6,6,6,6,5,7,4,5,5,6,6,4,6,5,6,6,4,3
gpt-3.5-turbo,polski_amerykanska_strong,polski,amerykanska,strong,14,5.533333333333333,4.866666666666666,2025-06-17T17:13:57.977454,6,6,3,5,6,4,7,5,5,7,3,6,6,6,6,5,4,6,3,3,6,6,5,4,7,5,5,6,6,4
gpt-3.5-turbo,polski_amerykanska_strong,polski,amerykanska,strong,15,5.4,5.133333333333334,2025-06-17T17:14:04.622343,6,6,3,5,6,5,6,5,6,6,5,5,6,6,5,6,5,5,4,5,5,6,5,5,6,5,6,5,4,5
gpt-3.5-turbo,polski_amerykanska_strong,polski,amerykanska,strong,16,5.466666666666667,5.133333333333334,2025-06-17T17:14:10.405339,6,6,3,4,6,4,7,5,5,7,6,7,6,6,5,6,4,6,4,5,7,6,5,4,6,5,6,5,4,3
gpt-3.5-turbo,polski_amerykanska_strong,polski,amerykanska,strong,17,5.8,5.4,2025-06-17T17:14:14.351446,6,7,4,6,6,5,7,5,3,7,5,7,7,6,6,5,5,6,3,6,7,6,5,4,6,5,7,6,6,4
gpt-3.5-turbo,polski_amerykanska_strong,polski,amerykanska,strong,18,5.0,4.866666666666666,2025-06-17T17:14:17.731099,6,7,3,5,6,4,6,5,2,6,4,7,6,5,4,5,3,6,4,4,7,6,4,3,7,5,6,5,4,3
gpt-3.5-turbo,polski_amerykanska_strong,polski,amerykanska,strong,19,5.466666666666667,5.0,2025-06-17T17:14:22.442204,6,6,3,5,6,4,6,5,6,6,4,5,7,6,5,5,6,6,5,4,5,6,5,4,6,5,6,5,5,4
gpt-3.5-turbo,polski_amerykanska_strong,polski,amerykanska,strong,20,5.333333333333333,4.866666666666666,2025-06-17T17:14:26.536275,6,6,3,5,6,5,6,5,6,6,4,5,6,5,6,5,6,3,4,5,5,6,5,4,6,5,6,5,5,3
gpt-3.5-turbo,polski_amerykanska_strong,polski,amerykanska,strong,21,5.333333333333333,5.066666666666666,2025-06-17T17:14:29.814235,6,6,3,5,6,5,6,5,5,6,4,6,6,6,6,6,5,6,4,5,6,5,5,4,5,5,6,5,5,3
gpt-3.5-turbo,polski_amerykanska_strong,polski,amerykanska,strong,22,5.466666666666667,4.933333333333334,2025-06-17T17:14:34.318992,6,6,4,5,6,5,6,5,5,6,4,5,5,6,5,5,5,6,4,5,5,6,5,4,6,5,6,5,6,4
gpt-3.5-turbo,polski_amerykanska_strong,polski,amerykanska,strong,23,5.6,5.2,2025-06-17T17:14:38.110606,6,6,3,5,6,5,6,5,6,6,4,6,6,6,6,5,5,5,5,6,6,6,5,4,6,5,6,5,6,5
gpt-3.5-turbo,polski_amerykanska_strong,polski,amerykanska,strong,24,5.6,5.066666666666666,2025-06-17T17:14:43.102648,6,7,3,5,6,4,6,5,6,6,5,5,6,6,5,5,6,6,4,5,5,7,5,4,6,5,6,5,6,4
gpt-3.5-turbo,polski_amerykanska_strong,polski,amerykanska,strong,25,5.466666666666667,4.933333333333334,2025-06-17T17:14:47.221593,6,6,3,5,6,5,6,5,5,6,4,5,6,6,6,5,5,6,4,5,5,6,5,5,6,5,6,5,4,4
gpt-3.5-turbo,polski_amerykanska_strong,polski,amerykanska,strong,26,5.466666666666667,4.733333333333333,2025-06-17T17:14:52.481262,6,6,3,5,6,4,7,5,5,7,3,5,6,6,6,6,5,6,4,5,5,6,4,3,6,5,6,5,4,3
gpt-3.5-turbo,polski_amerykanska_strong,polski,amerykanska,strong,27,6.0,4.533333333333333,2025-06-17T17:14:57.462522,6,5,3,6,6,3,7,5,6,7,4,5,7,6,6,5,5,6,3,6,5,6,4,6,7,4,6,5,5,3
gpt-3.5-turbo,polski_amerykanska_strong,polski,amerykanska,strong,28,5.333333333333333,4.933333333333334,2025-06-17T17:15:03.500865,6,5,3,6,6,4,7,5,4,6,5,6,7,6,5,5,4,6,4,4,6,6,5,4,6,5,6,5,4,3
gpt-3.5-turbo,polski_amerykanska_strong,polski,amerykanska,strong,29,5.6,5.133333333333334,2025-06-17T17:15:08.737942,6,6,4,5,6,4,6,5,6,6,5,6,6,6,5,6,5,6,4,5,6,6,5,5,6,5,6,5,5,4
gpt-3.5-turbo,polski_amerykanska_strong,polski,amerykanska,strong,30,5.733333333333333,5.133333333333334,2025-06-17T17:15:13.948034,6,6,3,5,6,5,7,5,6,6,4,5,6,6,5,6,5,6,5,6,5,6,5,5,6,5,6,5,6,5
gpt-3.5-turbo,polski_polska_weak,polski,polska,weak,6,5.466666666666667,5.4,2025-06-17T17:15:19.275304,6,6,5,6,6,4,7,6,5,6,4,6,6,6,5,6,6,6,4,5,6,6,5,4,6,6,5,6,4,4
gpt-3.5-turbo,polski_polska_weak,polski,polska,weak,7,4.866666666666666,4.8,2025-06-17T17:15:23.680111,5,6,3,6,6,3,6,5,3,7,2,6,6,7,5,6,6,6,3,3,5,7,5,3,5,3,5,6,3,3
gpt-3.5-turbo,polski_polska_weak,polski,polska,weak,8,4.933333333333334,5.333333333333333,2025-06-17T17:15:28.694154,6,6,4,6,4,4,6,6,4,6,4,6,6,6,4,6,6,4,4,4,6,6,4,4,6,6,6,6,4,4
gpt-3.5-turbo,polski_polska_weak,polski,polska,weak,9,5.466666666666667,5.2,2025-06-17T17:15:33.505125,6,5,3,6,6,3,6,6,2,6,5,6,5,5,5,6,6,6,5,6,6,7,5,5,7,6,6,5,6,3
gpt-3.5-turbo,polski_polska_weak,polski,polska,weak,10,5.2,5.0,2025-06-17T17:15:38.321650,6,6,4,6,5,6,5,4,5,6,4,5,6,6,4,5,6,5,4,5,5,6,5,4,6,4,6,5,5,4
gpt-3.5-turbo,polski_polska_weak,polski,polska,weak,11,5.533333333333333,5.333333333333333,2025-06-17T17:15:42.876720,6,6,3,5,6,4,6,6,7,6,4,6,7,6,5,5,6,6,5,5,6,6,5,3,6,6,6,6,5,4
gpt-3.5-turbo,polski_polska_weak,polski,polska,weak,12,5.133333333333334,5.4,2025-06-17T17:15:48.046353,6,6,4,5,6,4,5,7,6,5,4,6,6,5,6,7,6,7,4,4,6,7,5,2,4,6,4,6,5,4
gpt-3.5-turbo,polski_polska_weak,polski,polska,weak,13,4.666666666666667,5.133333333333334,2025-06-17T17:15:52.248052,6,6,3,7,6,3,6,5,2,6,5,6,5,6,3,6,5,6,4,4,6,7,5,3,6,6,3,5,4,2
gpt-3.5-turbo,polski_polska_weak,polski,polska,weak,14,5.2,5.733333333333333,2025-06-17T17:15:56.444740,6,6,4,6,4,4,7,6,4,7,4,7,6,7,4,6,6,4,4,4,7,7,6,4,7,6,6,7,4,4
gpt-3.5-turbo,polski_polska_weak,polski,polska,weak,15,5.666666666666667,5.666666666666667,2025-06-17T17:16:01.089384,6,5,7,6,4,3,6,6,6,7,7,7,6,6,4,6,7,6,4,4,7,7,6,4,5,6,7,6,6,3
gpt-3.5-turbo,polski_polska_weak,polski,polska,weak,16,5.066666666666666,5.0,2025-06-17T17:16:06.234946,6,6,3,6,6,5,5,5,1,7,5,5,6,6,2,5,7,6,2,6,5,6,5,3,7,5,6,5,6,3
gpt-3.5-turbo,polski_polska_weak,polski,polska,weak,17,4.8,5.333333333333333,2025-06-17T17:16:10.639738,6,6,3,6,6,4,5,5,4,5,5,6,6,6,5,5,5,3,6,4,6,6,5,4,5,5,6,6,4,4
gpt-3.5-turbo,polski_polska_weak,polski,polska,weak,18,5.066666666666666,5.4,2025-06-17T17:16:14.700379,6,6,4,6,5,4,7,6,4,7,5,6,5,6,5,7,6,5,2,3,6,6,5,4,7,6,5,6,3,4
gpt-3.5-turbo,polski_polska_weak,polski,polska,weak,19,5.2,5.2,2025-06-17T17:16:20.161891,6,5,3,6,6,3,6,5,4,5,5,6,6,7,4,6,6,7,4,4,7,6,5,4,6,5,6,6,5,2
gpt-3.5-turbo,polski_polska_weak,polski,polska,weak,20,5.533333333333333,5.333333333333333,2025-06-17T17:16:24.910954,6,6,3,6,6,4,6,5,6,6,5,6,5,6,5,6,6,6,3,6,6,6,5,4,6,5,6,6,6,5
gpt-3.5-turbo,polski_polska_weak,polski,polska,weak,21,5.466666666666667,4.933333333333334,2025-06-17T17:16:29.535861,6,6,3,5,6,5,5,5,6,5,5,5,6,6,5,5,5,5,4,5,5,7,5,5,7,5,5,5,6,3
gpt-3.5-turbo,polski_polska_weak,polski,polska,weak,22,5.266666666666667,5.333333333333333,2025-06-17T17:16:33.125293,6,6,3,5,6,3,6,5,5,6,6,6,6,6,5,6,6,6,4,4,6,6,6,4,6,5,6,6,4,4
gpt-3.5-turbo,polski_polska_weak,polski,polska,weak,23,5.133333333333334,5.066666666666666,2025-06-17T17:16:38.018089,6,6,3,5,6,4,6,5,5,6,5,6,6,5,5,6,6,6,3,5,6,6,5,2,6,5,6,6,3,3
gpt-3.5-turbo,polski_polska_weak,polski,polska,weak,24,4.8,4.866666666666666,2025-06-17T17:16:42.830448,6,6,3,6,1,4,6,5,3,6,6,5,6,6,2,5,7,7,1,4,6,7,5,2,7,3,6,5,6,3
gpt-3.5-turbo,polski_polska_weak,polski,polska,weak,25,5.333333333333333,5.733333333333333,2025-06-17T17:16:47.038895,6,6,4,6,6,5,6,6,6,6,5,6,6,6,6,6,6,4,5,4,6,6,6,4,6,6,6,6,4,5
gpt-3.5-turbo,polski_polska_weak,polski,polska,weak,26,4.8,5.333333333333333,2025-06-17T17:16:50.738044,5,6,3,6,6,4,6,5,4,5,5,6,4,6,5,5,6,4,5,4,6,6,5,4,6,5,4,6,6,4
gpt-3.5-turbo,polski_polska_weak,polski,polska,weak,27,4.666666666666667,5.0,2025-06-17T17:16:56.398123,6,6,2,6,4,3,5,6,5,6,5,6,5,5,4,6,2,5,3,4,6,6,5,4,5,6,6,6,3,4
gpt-3.5-turbo,polski_polska_weak,polski,polska,weak,28,5.0,5.266666666666667,2025-06-17T17:16:59.908296,6,6,3,6,4,5,6,6,5,6,3,6,6,7,5,6,5,7,4,4,6,6,5,3,7,6,4,5,3,3
gpt-3.5-turbo,polski_polska_weak,polski,polska,weak,29,4.933333333333334,5.133333333333334,2025-06-17T17:17:05.563094,6,5,3,6,4,5,6,5,6,6,4,5,5,6,4,6,5,5,6,4,5,6,5,4,5,5,6,5,4,4
gpt-3.5-turbo,polski_polska_weak,polski,polska,weak,30,4.666666666666667,4.733333333333333,2025-06-17T17:17:11.036079,6,5,3,6,5,2,5,6,5,6,2,6,6,5,4,6,5,5,2,2,6,6,5,5,7,6,3,6,2,3
gpt-3.5-turbo,polski_polska_strong,polski,polska,strong,6,3.933333333333333,5.733333333333333,2025-06-17T17:17:14.201857,2,6,5,6,4,6,3,7,3,6,5,7,6,6,2,7,7,6,2,4,7,7,5,2,4,5,2,7,3,3
gpt-3.5-turbo,polski_polska_strong,polski,polska,strong,7,3.466666666666667,5.8,2025-06-17T17:17:18.133268,2,6,5,6,2,5,2,6,2,6,6,7,5,6,2,6,6,6,6,2,7,6,6,2,6,6,2,6,2,2
gpt-3.5-turbo,polski_polska_strong,polski,polska,strong,8,3.8666666666666663,5.466666666666667,2025-06-17T17:17:24.310747,3,6,4,5,1,5,3,6,3,6,6,6,6,6,2,6,6,6,4,2,6,6,5,3,6,6,3,6,4,3
gpt-3.5-turbo,polski_polska_strong,polski,polska,strong,9,3.466666666666667,5.333333333333333,2025-06-17T17:17:28.703395,2,5,4,6,3,3,4,6,3,4,6,6,5,6,2,6,6,5,4,3,6,6,5,3,3,6,2,5,3,4
gpt-3.5-turbo,polski_polska_strong,polski,polska,strong,10,3.1333333333333333,6.4,2025-06-17T17:17:33.659591,2,6,5,6,1,5,4,7,1,6,7,7,6,6,1,7,7,6,5,2,7,6,7,2,1,7,2,7,2,5
gpt-3.5-turbo,polski_polska_strong,polski,polska,strong,11,3.466666666666667,5.2,2025-06-17T17:17:38.564133,2,6,5,4,1,5,3,6,3,6,3,6,5,6,2,6,6,6,4,2,6,5,6,2,5,5,2,6,3,3
gpt-3.5-turbo,polski_polska_strong,polski,polska,strong,12,4.0,5.866666666666666,2025-06-17T17:17:42.546539,2,6,5,6,4,6,4,7,3,5,5,6,6,7,2,7,6,6,4,3,7,5,6,4,5,6,2,6,4,3
gpt-3.5-turbo,polski_polska_strong,polski,polska,strong,13,3.6,5.8,2025-06-17T17:17:47.341431,2,6,5,6,1,3,5,7,3,6,5,7,6,7,1,7,7,6,5,3,7,7,5,2,3,6,2,6,2,3
gpt-3.5-turbo,polski_polska_strong,polski,polska,strong,14,3.7333333333333334,5.933333333333334,2025-06-17T17:17:52.347167,1,6,5,6,3,6,2,7,2,5,7,7,6,6,3,7,6,6,2,4,7,6,5,3,5,6,3,6,2,5
gpt-3.5-turbo,polski_polska_strong,polski,polska,strong,15,4.333333333333333,5.866666666666666,2025-06-17T17:17:56.079045,2,6,5,6,4,5,4,7,4,6,6,7,5,6,3,6,6,6,4,4,7,7,6,4,5,7,2,6,4,3
gpt-3.5-turbo,polski_polska_strong,polski,polska,strong,16,4.266666666666667,5.8,2025-06-17T17:18:00.491352,2,6,4,6,4,7,5,6,3,6,6,7,6,6,4,6,6,5,3,5,7,6,5,3,5,6,3,6,3,4
gpt-3.5-turbo,polski_polska_strong,polski,polska,strong,17,4.466666666666667,5.266666666666667,2025-06-17T17:18:04.671839,3,5,3,6,4,5,4,6,4,5,5,6,6,6,4,6,5,6,3,5,6,6,5,4,5,6,4,6,4,3
gpt-3.5-turbo,polski_polska_strong,polski,polska,strong,18,3.6666666666666665,5.733333333333333,2025-06-17T17:18:08.473193,2,6,5,6,2,6,4,6,3,6,6,6,6,6,2,6,6,6,5,2,6,6,6,2,5,6,2,6,2,3
gpt-3.5-turbo,polski_polska_strong,polski,polska,strong,19,4.0,5.666666666666667,2025-06-17T17:18:12.098066,2,6,5,6,3,5,3,6,5,6,5,6,6,6,3,6,6,6,5,3,6,7,5,3,4,6,2,6,2,5
gpt-3.5-turbo,polski_polska_strong,polski,polska,strong,20,4.2,5.533333333333333,2025-06-17T17:18:16.019230,2,6,5,6,4,6,4,6,3,6,6,6,6,6,2,6,6,6,3,4,6,6,5,4,5,6,2,6,4,3
gpt-3.5-turbo,polski_polska_strong,polski,polska,strong,21,4.2,5.533333333333333,2025-06-17T17:18:20.684743,2,6,5,6,3,6,4,6,3,6,5,6,6,6,3,6,5,6,6,3,6,6,5,4,6,5,2,6,4,3
gpt-3.5-turbo,polski_polska_strong,polski,polska,strong,22,4.133333333333334,6.0,2025-06-17T17:18:24.384871,3,6,5,6,2,6,4,7,3,6,5,7,6,7,2,7,6,6,5,4,7,6,5,4,5,7,3,6,3,3
gpt-3.5-turbo,polski_polska_strong,polski,polska,strong,23,3.933333333333333,5.466666666666667,2025-06-17T17:18:28.716081,3,6,5,5,2,6,3,6,4,6,5,6,6,6,2,6,6,6,3,3,6,6,6,2,5,6,3,6,3,3
gpt-3.5-turbo,polski_polska_strong,polski,polska,strong,24,4.0,5.666666666666667,2025-06-17T17:18:33.776054,2,6,5,6,4,5,4,6,3,6,5,6,4,6,4,6,6,5,6,4,6,6,6,4,4,6,2,6,3,3
gpt-3.5-turbo,polski_polska_strong,polski,polska,strong,25,3.6,5.666666666666667,2025-06-17T17:18:38.321727,2,6,5,4,3,6,4,6,3,5,6,7,5,7,3,6,6,5,4,2,7,6,5,3,4,6,2,6,2,3
gpt-3.5-turbo,polski_polska_strong,polski,polska,strong,26,4.066666666666666,6.0,2025-06-17T17:18:42.668200,1,5,5,6,4,6,4,7,2,6,5,7,6,7,5,6,7,6,3,3,7,6,6,3,6,7,2,7,2,4
gpt-3.5-turbo,polski_polska_strong,polski,polska,strong,27,3.6666666666666665,5.866666666666666,2025-06-17T17:18:47.350404,2,6,5,6,2,5,3,6,3,6,6,7,6,6,2,6,6,6,5,2,7,6,5,2,5,6,2,6,3,5
gpt-3.5-turbo,polski_polska_strong,polski,polska,strong,28,3.2666666666666666,5.266666666666667,2025-06-17T17:18:51.035018,2,6,5,6,1,4,1,6,3,5,6,6,6,6,2,6,5,6,2,3,6,7,5,2,1,6,3,6,2,3
gpt-3.5-turbo,polski_polska_strong,polski,polska,strong,29,4.066666666666666,5.4,2025-06-17T17:18:55.107396,2,6,5,6,4,6,4,5,3,6,3,6,6,6,2,7,5,5,6,3,6,6,4,4,5,5,3,6,3,4
gpt-3.5-turbo,polski_polska_strong,polski,polska,strong,30,3.933333333333333,5.6,2025-06-17T17:18:59.360743,2,6,5,6,4,7,4,7,3,5,5,7,6,6,3,5,5,5,4,3,6,7,4,3,4,6,2,6,3,4
gpt-3.5-turbo,polski_neutralna_weak,polski,neutralna,weak,6,5.4,5.6,2025-06-17T17:19:04.309509,6,5,4,7,6,5,6,6,4,7,5,7,6,7,5,6,5,6,5,4,6,7,5,4,6,5,6,5,4,5
gpt-3.5-turbo,polski_neutralna_weak,polski,neutralna,weak,7,5.333333333333333,5.133333333333334,2025-06-17T17:19:07.602834,6,6,4,5,6,4,6,5,6,7,4,6,6,5,5,6,6,4,5,4,6,6,5,4,6,5,6,5,4,4
gpt-3.5-turbo,polski_neutralna_weak,polski,neutralna,weak,8,5.133333333333334,5.333333333333333,2025-06-17T17:19:13.156742,6,5,4,5,6,6,6,5,4,6,5,6,6,6,5,6,6,5,4,4,6,6,5,4,6,5,5,6,4,4
gpt-3.5-turbo,polski_neutralna_weak,polski,neutralna,weak,9,4.933333333333334,4.733333333333333,2025-06-17T17:19:17.762403,6,5,3,5,6,4,6,5,4,6,4,6,5,6,4,5,5,4,4,4,6,7,4,4,6,4,6,5,3,3
gpt-3.5-turbo,polski_neutralna_weak,polski,neutralna,weak,10,5.0,4.733333333333333,2025-06-17T17:19:21.744873,6,5,3,4,6,4,6,5,3,6,5,5,6,6,4,6,5,4,3,4,6,6,4,5,6,5,6,5,4,3
gpt-3.5-turbo,polski_neutralna_weak,polski,neutralna,weak,11,5.266666666666667,4.8,2025-06-17T17:19:25.674634,6,5,4,5,6,3,6,5,4,7,4,6,6,5,4,6,4,5,5,3,6,7,5,4,6,5,7,5,4,3
gpt-3.5-turbo,polski_neutralna_weak,polski,neutralna,weak,12,5.4,4.866666666666666,2025-06-17T17:19:29.230358,6,5,4,5,6,4,6,5,3,7,4,6,6,6,5,5,5,6,4,4,6,7,5,4,7,4,6,5,4,4
gpt-3.5-turbo,polski_neutralna_weak,polski,neutralna,weak,13,4.4,4.866666666666666,2025-06-17T17:19:33.040406,6,5,2,5,6,1,6,5,2,7,3,7,1,6,5,7,4,6,3,3,7,7,5,2,4,5,6,6,3,4
gpt-3.5-turbo,polski_neutralna_weak,polski,neutralna,weak,14,5.933333333333334,5.133333333333334,2025-06-17T17:19:36.907169,7,6,4,5,6,4,6,5,6,7,4,6,7,6,5,6,5,7,4,5,6,7,5,4,7,5,7,6,4,4
gpt-3.5-turbo,polski_neutralna_weak,polski,neutralna,weak,15,5.333333333333333,5.4,2025-06-17T17:19:42.496494,6,5,4,7,6,5,6,5,3,6,4,6,6,6,5,7,6,5,4,6,7,6,5,4,7,5,6,5,4,4
gpt-3.5-turbo,polski_neutralna_weak,polski,neutralna,weak,16,5.333333333333333,4.8,2025-06-17T17:19:46.852292,6,6,4,5,6,5,6,5,3,6,7,6,6,3,5,4,6,6,2,4,6,7,4,4,7,5,6,5,4,3
gpt-3.5-turbo,polski_neutralna_weak,polski,neutralna,weak,17,5.333333333333333,5.2,2025-06-17T17:19:51.595188,6,6,4,5,6,5,6,5,4,6,5,6,6,6,5,6,5,6,4,5,6,6,4,4,6,5,6,6,4,4
gpt-3.5-turbo,polski_neutralna_weak,polski,neutralna,weak,18,5.466666666666667,4.733333333333333,2025-06-17T17:19:56.984608,6,5,4,6,6,3,6,5,4,6,4,5,6,5,6,5,6,4,4,5,6,7,4,5,7,5,6,5,4,3
gpt-3.5-turbo,polski_neutralna_weak,polski,neutralna,weak,19,5.133333333333334,5.0,2025-06-17T17:20:00.964290,6,5,3,4,6,5,6,5,3,6,5,5,6,6,5,5,6,4,4,5,6,6,5,4,6,5,6,5,5,4
gpt-3.5-turbo,polski_neutralna_weak,polski,neutralna,weak,20,5.066666666666666,5.066666666666666,2025-06-17T17:20:05.315829,6,5,4,5,6,5,6,5,4,6,4,6,6,6,4,5,6,5,4,4,6,6,5,3,6,5,6,5,4,4
gpt-3.5-turbo,polski_neutralna_weak,polski,neutralna,weak,21,5.533333333333333,5.266666666666667,2025-06-17T17:20:11.471325,6,5,4,5,6,5,7,6,5,7,4,6,6,5,5,6,7,5,4,4,6,7,6,4,7,5,6,5,4,4
gpt-3.5-turbo,polski_neutralna_weak,polski,neutralna,weak,22,5.266666666666667,4.866666666666666,2025-06-17T17:20:15.923199,6,5,3,4,6,4,7,5,3,6,5,6,6,5,5,4,7,5,4,3,6,7,5,4,7,5,7,5,4,3
gpt-3.5-turbo,polski_neutralna_weak,polski,neutralna,weak,23,5.333333333333333,5.2,2025-06-17T17:20:19.132806,6,6,4,5,6,5,6,5,4,6,4,6,6,6,6,6,5,6,5,4,6,6,5,4,6,5,6,5,4,4
gpt-3.5-turbo,polski_neutralna_weak,polski,neutralna,weak,24,5.266666666666667,5.0,2025-06-17T17:20:24.077766,6,5,3,5,6,5,6,5,6,7,4,5,6,6,5,5,6,4,4,4,6,6,5,5,6,5,6,5,3,4
gpt-3.5-turbo,polski_neutralna_weak,polski,neutralna,weak,25,5.133333333333334,5.066666666666666,2025-06-17T17:20:29.841764,6,5,3,6,6,5,6,5,5,6,4,6,6,5,5,5,6,5,4,3,6,6,5,4,6,5,6,5,4,4
gpt-3.5-turbo,polski_neutralna_weak,polski,neutralna,weak,26,5.466666666666667,4.933333333333334,2025-06-17T17:20:35.276934,6,6,3,5,6,2,6,5,6,6,5,6,7,5,6,6,6,6,3,4,6,7,5,3,7,5,6,5,3,4
gpt-3.5-turbo,polski_neutralna_weak,polski,neutralna,weak,27,5.066666666666666,4.8,2025-06-17T17:20:39.099323,6,5,3,5,6,4,7,5,2,6,4,6,6,6,5,5,6,6,2,4,6,6,4,4,7,5,5,6,3,3
gpt-3.5-turbo,polski_neutralna_weak,polski,neutralna,weak,28,5.0,5.133333333333334,2025-06-17T17:20:43.227064,6,5,4,7,6,5,6,5,5,6,4,6,6,5,5,6,5,2,4,4,7,6,5,4,6,5,5,5,4,3
gpt-3.5-turbo,polski_neutralna_weak,polski,neutralna,weak,29,5.066666666666666,5.133333333333334,2025-06-17T17:20:48.051380,7,6,3,5,6,5,6,5,2,6,4,6,7,6,5,6,7,7,2,3,6,7,5,3,7,5,4,5,3,4
gpt-3.5-turbo,polski_neutralna_weak,polski,neutralna,weak,30,5.4,5.133333333333334,2025-06-17T17:20:53.073783,6,5,4,6,6,5,6,5,4,6,5,6,6,5,6,6,5,5,4,5,6,6,5,4,6,5,6,5,5,4
gpt-3.5-turbo,polski_neutralna_strong,polski,neutralna,strong,6,5.0,4.933333333333334,2025-06-17T17:20:58.266071,6,6,3,5,6,5,6,5,3,6,4,6,6,5,5,6,5,6,3,4,6,6,5,4,6,5,4,5,4,3
gpt-3.5-turbo,polski_neutralna_strong,polski,neutralna,strong,7,5.533333333333333,5.666666666666667,2025-06-17T17:21:02.857833,6,6,4,5,6,7,6,6,5,6,5,7,6,6,5,6,5,6,5,5,6,6,5,5,6,6,6,6,5,4
gpt-3.5-turbo,polski_neutralna_strong,polski,neutralna,strong,8,5.4,5.066666666666666,2025-06-17T17:21:07.749735,6,5,3,5,6,5,6,5,6,6,5,6,6,6,5,5,6,5,4,5,5,6,5,4,6,5,6,5,5,4
gpt-3.5-turbo,polski_neutralna_strong,polski,neutralna,strong,9,5.0,5.266666666666667,2025-06-17T17:21:13.370133,6,5,3,6,6,5,6,5,3,6,6,6,5,6,6,5,5,5,5,3,6,6,5,4,7,5,5,6,4,3
gpt-3.5-turbo,polski_neutralna_strong,polski,neutralna,strong,10,5.266666666666667,5.266666666666667,2025-06-17T17:21:19.615537,6,5,3,6,6,5,6,5,3,6,5,5,6,6,5,6,6,6,5,5,5,6,5,4,6,5,6,5,5,5
gpt-3.5-turbo,polski_neutralna_strong,polski,neutralna,strong,11,5.2,5.133333333333334,2025-06-17T17:21:24.456580,6,5,3,5,6,5,6,5,5,6,4,5,6,6,4,6,6,6,4,4,5,6,5,4,6,5,6,6,4,5
gpt-3.5-turbo,polski_neutralna_strong,polski,neutralna,strong,12,5.733333333333333,5.6,2025-06-17T17:21:29.690573,6,6,5,6,6,5,6,5,6,6,6,6,6,6,5,6,6,5,6,6,6,6,5,5,6,5,6,5,6,5
gpt-3.5-turbo,polski_neutralna_strong,polski,neutralna,strong,13,5.0,5.0,2025-06-17T17:21:34.976926,6,5,3,7,6,4,6,5,3,7,4,6,5,6,4,5,5,7,4,4,6,6,4,3,7,6,4,5,4,3
gpt-3.5-turbo,polski_neutralna_strong,polski,neutralna,strong,14,5.266666666666667,5.066666666666666,2025-06-17T17:21:40.729063,6,5,4,5,6,5,6,5,4,6,4,6,6,6,5,5,6,6,3,4,6,6,5,4,6,5,6,5,4,5
gpt-3.5-turbo,polski_neutralna_strong,polski,neutralna,strong,15,5.533333333333333,5.6,2025-06-17T17:21:44.705665,7,6,3,6,6,5,7,6,5,7,4,6,6,6,5,6,7,6,3,5,7,6,5,4,6,6,5,6,5,5
gpt-3.5-turbo,polski_neutralna_strong,polski,neutralna,strong,16,5.333333333333333,5.333333333333333,2025-06-17T17:21:51.058579,6,6,4,5,6,5,6,6,4,7,5,6,5,6,5,6,6,5,4,5,6,7,4,4,5,6,6,5,5,4
gpt-3.5-turbo,polski_neutralna_strong,polski,neutralna,strong,17,5.133333333333334,5.066666666666666,2025-06-17T17:21:55.940655,6,5,3,4,6,5,6,6,1,7,2,5,7,6,5,6,6,6,5,3,6,7,5,4,7,6,6,6,3,3
gpt-3.5-turbo,polski_neutralna_strong,polski,neutralna,strong,18,5.533333333333333,5.133333333333334,2025-06-17T17:22:23.419323,6,5,3,4,6,5,6,6,5,7,6,6,6,6,5,6,5,5,4,5,6,7,5,4,7,5,6,5,5,3
gpt-3.5-turbo,polski_neutralna_strong,polski,neutralna,strong,19,5.333333333333333,5.6,2025-06-17T17:22:28.756602,6,5,4,5,6,7,6,5,4,7,5,7,6,7,5,6,7,6,4,4,6,6,5,4,6,5,6,6,4,4
gpt-3.5-turbo,polski_neutralna_strong,polski,neutralna,strong,20,5.6,5.4,2025-06-17T17:22:33.218053,6,6,3,5,6,5,6,6,5,6,4,6,7,6,5,6,6,6,4,5,6,7,6,5,7,6,5,6,5,3
gpt-3.5-turbo,polski_neutralna_strong,polski,neutralna,strong,21,5.133333333333334,4.866666666666666,2025-06-17T17:22:37.885552,6,5,3,4,6,5,6,5,4,6,3,6,6,6,5,5,5,6,4,3,6,6,5,4,6,5,6,5,4,4
gpt-3.5-turbo,polski_neutralna_strong,polski,neutralna,strong,22,5.4,5.466666666666667,2025-06-17T17:22:42.795799,7,6,5,6,6,5,6,5,3,6,6,6,6,6,5,6,7,6,4,3,6,7,5,4,7,5,6,6,4,3
gpt-3.5-turbo,polski_neutralna_strong,polski,neutralna,strong,23,5.333333333333333,5.0,2025-06-17T17:22:46.527676,6,5,4,4,6,5,6,5,4,6,4,5,6,7,5,5,6,5,4,5,6,6,5,4,6,5,6,5,5,4
gpt-3.5-turbo,polski_neutralna_strong,polski,neutralna,strong,24,5.133333333333334,5.133333333333334,2025-06-17T17:22:50.001120,6,5,3,4,6,5,6,5,2,7,4,6,6,6,5,6,7,6,4,4,6,7,5,4,7,5,6,5,2,4
gpt-3.5-turbo,polski_neutralna_strong,polski,neutralna,strong,25,5.133333333333334,5.266666666666667,2025-06-17T17:22:54.082896,6,5,4,7,6,5,6,5,4,6,5,6,6,5,4,6,6,5,4,4,6,6,5,4,6,5,6,5,4,4
gpt-3.5-turbo,polski_neutralna_strong,polski,neutralna,strong,26,5.466666666666667,5.333333333333333,2025-06-17T17:22:58.077751,6,5,3,5,6,7,6,5,5,6,4,6,6,7,5,6,6,5,4,5,6,7,5,4,7,5,6,6,5,3
gpt-3.5-turbo,polski_neutralna_strong,polski,neutralna,strong,27,5.333333333333333,5.0,2025-06-17T17:23:01.711280,6,5,3,7,6,5,6,5,4,7,4,6,6,6,5,6,5,6,3,4,5,7,4,4,7,5,5,6,4,3
gpt-3.5-turbo,polski_neutralna_strong,polski,neutralna,strong,28,5.4,5.466666666666667,2025-06-17T17:23:05.054206,6,6,4,5,6,5,6,5,4,7,6,6,5,6,5,6,6,6,4,4,6,7,5,4,7,6,6,6,4,4
gpt-3.5-turbo,polski_neutralna_strong,polski,neutralna,strong,29,4.8,5.333333333333333,2025-06-17T17:23:09.045424,6,5,3,4,4,7,6,5,3,6,6,5,7,6,2,6,6,5,4,4,6,7,5,2,7,5,6,6,4,4
gpt-3.5-turbo,polski_neutralna_strong,polski,neutralna,strong,30,5.333333333333333,5.133333333333334,2025-06-17T17:23:13.975963,6,5,4,6,6,4,6,5,6,6,4,5,6,5,4,6,6,5,6,5,6,4,5,6,5,5,6,5,5,4
gpt-3.5-turbo,polski_japonska_weak,polski,japonska,weak,6,5.0,5.733333333333333,2025-06-17T17:23:17.747015,6,5,7,6,4,5,4,6,4,6,5,6,5,6,4,6,6,5,6,6,6,7,5,4,2,7,5,6,6,5
gpt-3.5-turbo,polski_japonska_weak,polski,japonska,weak,7,4.533333333333333,5.533333333333333,2025-06-17T17:23:21.940935,7,5,4,6,4,5,4,6,3,6,5,6,5,6,3,5,6,5,6,3,6,7,5,3,6,6,4,6,4,4
gpt-3.5-turbo,polski_japonska_weak,polski,japonska,weak,8,5.2,5.666666666666667,2025-06-17T17:23:27.229947,6,5,7,4,4,6,6,6,3,5,6,6,6,6,4,6,6,6,6,5,6,6,6,3,6,6,6,6,5,4
gpt-3.5-turbo,polski_japonska_weak,polski,japonska,weak,9,4.733333333333333,5.8,2025-06-17T17:23:30.922210,6,5,5,7,4,3,6,6,3,6,6,6,5,6,4,6,6,6,6,4,6,6,6,4,3,6,6,7,3,5
gpt-3.5-turbo,polski_japonska_weak,polski,japonska,weak,10,5.4,5.933333333333334,2025-06-17T17:23:36.966513,6,6,5,6,4,5,6,6,6,6,6,6,6,6,5,6,6,6,6,5,6,6,6,4,5,6,6,6,5,6
gpt-3.5-turbo,polski_japonska_weak,polski,japonska,weak,11,5.2,5.733333333333333,2025-06-17T17:23:41.735147,6,6,5,6,3,5,6,5,5,7,6,5,5,6,3,5,6,6,7,5,6,7,6,3,6,6,5,6,6,5
gpt-3.5-turbo,polski_japonska_weak,polski,japonska,weak,12,5.666666666666667,6.266666666666667,2025-06-17T17:23:46.617117,6,6,5,6,5,5,6,7,5,7,6,7,6,7,5,7,5,6,6,5,7,7,6,5,7,7,5,7,5,5
gpt-3.5-turbo,polski_japonska_weak,polski,japonska,weak,13,5.266666666666667,5.6,2025-06-17T17:23:50.142552,5,6,6,7,4,5,6,5,3,6,5,6,6,7,4,5,6,6,5,5,6,7,5,4,7,5,6,7,4,4
gpt-3.5-turbo,polski_japonska_weak,polski,japonska,weak,14,5.133333333333334,5.933333333333334,2025-06-17T17:23:54.668694,6,5,7,6,4,5,6,7,5,6,6,6,6,6,4,7,6,4,4,4,6,6,6,4,6,7,5,7,4,5
gpt-3.5-turbo,polski_japonska_weak,polski,japonska,weak,15,4.866666666666666,5.933333333333334,2025-06-17T17:24:00.429436,6,6,6,6,5,4,7,6,4,7,5,6,6,6,2,7,7,6,7,1,7,6,5,3,7,6,5,7,2,4
gpt-3.5-turbo,polski_japonska_weak,polski,japonska,weak,16,5.2,5.8,2025-06-17T17:24:05.640912,6,6,5,6,5,4,6,6,6,5,6,6,6,6,5,6,6,6,6,4,6,6,6,4,4,6,5,6,5,5
gpt-3.5-turbo,polski_japonska_weak,polski,japonska,weak,17,5.466666666666667,6.266666666666667,2025-06-17T17:24:10.034716,6,5,5,6,4,5,6,7,5,7,6,7,6,7,4,6,7,6,6,5,7,7,6,4,7,7,5,7,5,5
gpt-3.5-turbo,polski_japonska_weak,polski,japonska,weak,18,4.8,5.8,2025-06-17T17:24:14.287285,6,5,5,6,4,6,4,6,4,6,6,6,6,6,4,6,6,4,6,4,6,6,5,4,5,6,6,6,4,5
gpt-3.5-turbo,polski_japonska_weak,polski,japonska,weak,19,4.8,6.0,2025-06-17T17:24:19.406869,6,6,5,7,7,3,7,6,3,7,7,6,5,6,3,7,7,4,6,3,7,7,6,3,6,6,3,7,3,3
gpt-3.5-turbo,polski_japonska_weak,polski,japonska,weak,20,5.466666666666667,5.4,2025-06-17T17:24:24.469397,6,5,5,7,6,4,6,5,4,6,6,6,6,5,5,6,6,5,6,6,6,6,4,5,6,5,6,6,4,4
gpt-3.5-turbo,polski_japonska_weak,polski,japonska,weak,21,4.8,5.4,2025-06-17T17:24:28.905285,6,7,1,6,6,1,6,5,6,5,7,6,6,6,1,6,6,5,6,6,7,7,5,1,4,5,6,7,6,1
gpt-3.5-turbo,polski_japonska_weak,polski,japonska,weak,22,5.6,6.666666666666667,2025-06-17T17:24:32.435468,6,6,7,7,6,6,5,7,5,6,6,7,6,7,5,7,7,5,6,5,7,7,7,5,6,7,5,7,5,6
gpt-3.5-turbo,polski_japonska_weak,polski,japonska,weak,23,5.266666666666667,6.266666666666667,2025-06-17T17:24:36.865390,6,5,7,6,3,5,6,7,3,7,7,5,6,7,3,7,7,5,6,4,6,7,6,4,7,7,6,7,5,6
gpt-3.5-turbo,polski_japonska_weak,polski,japonska,weak,24,5.133333333333334,5.933333333333334,2025-06-17T17:24:41.744272,6,4,5,7,4,3,6,6,7,6,6,6,7,6,4,7,7,6,6,3,6,7,7,3,6,6,4,7,3,5
gpt-3.5-turbo,polski_japonska_weak,polski,japonska,weak,25,5.466666666666667,5.666666666666667,2025-06-17T17:24:46.174744,6,5,6,6,4,4,5,6,6,5,6,6,7,6,5,6,6,6,6,5,6,6,6,4,6,5,6,6,5,5
gpt-3.5-turbo,polski_japonska_weak,polski,japonska,weak,26,5.133333333333334,5.933333333333334,2025-06-17T17:24:50.150002,6,5,7,6,4,7,6,6,3,6,6,6,5,6,5,6,4,7,7,4,6,6,6,4,6,6,4,7,4,5
gpt-3.5-turbo,polski_japonska_weak,polski,japonska,weak,27,5.0,5.933333333333334,2025-06-17T17:24:53.941059,6,6,6,7,4,5,7,6,3,6,6,6,5,6,3,6,5,5,7,4,6,7,6,4,6,6,5,7,4,4
gpt-3.5-turbo,polski_japonska_weak,polski,japonska,weak,28,5.666666666666667,6.0,2025-06-17T17:24:57.949565,6,5,6,7,5,6,5,6,6,6,5,6,6,6,5,6,7,6,6,5,6,7,6,5,7,6,5,6,5,6
gpt-3.5-turbo,polski_japonska_weak,polski,japonska,weak,29,4.666666666666667,5.666666666666667,2025-06-17T17:25:02.018530,7,6,4,6,3,4,6,6,3,6,7,6,6,6,4,6,4,6,6,3,6,6,6,3,6,6,4,6,3,4
gpt-3.5-turbo,polski_japonska_weak,polski,japonska,weak,30,5.466666666666667,6.066666666666666,2025-06-17T17:25:06.790258,6,5,6,6,4,6,6,5,4,7,6,7,6,6,5,7,6,5,6,5,7,7,5,4,7,6,5,7,5,6
gpt-3.5-turbo,polski_japonska_strong,polski,japonska,strong,6,3.933333333333333,5.8,2025-06-17T17:25:12.271527,1,5,5,6,4,7,4,6,3,6,5,6,1,6,4,6,6,5,6,5,6,6,5,3,6,6,3,7,3,4
gpt-3.5-turbo,polski_japonska_strong,polski,japonska,strong,7,4.066666666666666,5.933333333333334,2025-06-17T17:25:17.120264,3,6,5,6,4,6,3,6,3,6,6,6,3,6,3,6,6,3,6,4,6,7,6,3,6,7,4,7,4,3
gpt-3.5-turbo,polski_japonska_strong,polski,japonska,strong,8,4.066666666666666,6.133333333333334,2025-06-17T17:25:24.150184,5,6,3,6,4,7,5,7,3,6,6,7,2,6,3,7,7,4,6,4,7,6,4,4,5,7,3,6,4,3
gpt-3.5-turbo,polski_japonska_strong,polski,japonska,strong,9,3.6,5.533333333333333,2025-06-17T17:25:28.638743,2,5,6,6,3,6,3,6,3,6,6,6,2,6,3,6,6,3,6,3,6,6,3,3,6,6,2,6,3,3
gpt-3.5-turbo,polski_japonska_strong,polski,japonska,strong,10,3.6666666666666665,5.666666666666667,2025-06-17T17:25:32.289571,3,5,6,7,4,5,3,6,2,5,6,6,2,6,4,5,6,5,5,4,6,5,6,3,4,7,2,7,3,2
gpt-3.5-turbo,polski_japonska_strong,polski,japonska,strong,11,3.1333333333333333,5.933333333333334,2025-06-17T17:25:36.067888,1,5,5,6,4,6,3,6,1,7,6,6,1,6,2,6,6,2,7,3,7,6,5,2,4,6,3,7,3,4
gpt-3.5-turbo,polski_japonska_strong,polski,japonska,strong,12,3.4,5.133333333333334,2025-06-17T17:25:42.191254,2,5,6,4,4,5,3,6,2,6,4,5,2,6,2,6,6,4,5,4,6,3,4,3,4,5,3,6,3,4
gpt-3.5-turbo,polski_japonska_strong,polski,japonska,strong,13,4.133333333333334,6.0,2025-06-17T17:25:45.430385,3,5,6,6,4,7,4,6,3,5,6,7,2,6,3,7,6,5,6,4,6,7,5,4,5,7,3,7,4,3
gpt-3.5-turbo,polski_japonska_strong,polski,japonska,strong,14,4.466666666666667,5.8,2025-06-17T17:25:50.236717,3,6,5,6,4,5,5,6,3,7,6,5,4,6,3,6,6,5,6,4,6,6,6,3,5,6,4,7,6,4
gpt-3.5-turbo,polski_japonska_strong,polski,japonska,strong,15,3.6666666666666665,5.8,2025-06-17T17:25:55.427159,3,5,6,6,2,6,4,6,3,5,6,6,2,6,4,6,6,3,6,4,6,6,5,3,4,6,3,6,3,5
gpt-3.5-turbo,polski_japonska_strong,polski,japonska,strong,16,3.933333333333333,5.8,2025-06-17T17:25:59.680294,2,5,6,6,4,6,4,6,3,6,6,6,4,6,3,6,6,4,6,3,6,6,4,4,4,6,2,6,4,6
gpt-3.5-turbo,polski_japonska_strong,polski,japonska,strong,17,3.8,5.4,2025-06-17T17:26:04.211426,3,5,6,6,4,6,3,5,2,5,6,6,2,6,3,6,6,4,4,3,5,7,5,3,6,6,3,5,3,4
gpt-3.5-turbo,polski_japonska_strong,polski,japonska,strong,18,3.933333333333333,6.0,2025-06-17T17:26:08.739947,4,5,6,6,4,6,4,7,3,6,6,7,2,6,2,7,6,4,4,3,7,7,6,3,4,6,4,7,3,4
gpt-3.5-turbo,polski_japonska_strong,polski,japonska,strong,19,3.6,5.6,2025-06-17T17:26:13.444693,2,6,5,6,3,6,3,5,2,5,6,6,2,6,3,6,5,6,6,3,6,6,5,3,6,6,3,6,2,3
gpt-3.5-turbo,polski_japonska_strong,polski,japonska,strong,20,2.8,5.4,2025-06-17T17:26:17.594407,2,5,6,6,2,6,2,6,2,6,6,6,2,6,2,6,6,2,6,2,6,6,2,2,2,6,2,6,2,2
gpt-3.5-turbo,polski_japonska_strong,polski,japonska,strong,21,4.2,5.666666666666667,2025-06-17T17:26:21.170855,5,5,6,6,4,6,4,5,3,5,6,6,3,6,4,5,6,3,6,4,6,5,5,4,5,6,4,6,4,5
gpt-3.5-turbo,polski_japonska_strong,polski,japonska,strong,22,3.933333333333333,5.466666666666667,2025-06-17T17:26:26.302237,3,6,5,4,3,6,4,5,3,6,5,6,3,6,3,5,6,3,6,4,6,5,6,3,6,5,3,6,5,4
gpt-3.5-turbo,polski_japonska_strong,polski,japonska,strong,23,3.2,5.8,2025-06-17T17:26:30.618405,2,5,6,6,2,6,3,6,2,6,6,6,2,6,2,6,6,2,6,2,6,6,6,2,6,6,2,7,3,3
gpt-3.5-turbo,polski_japonska_strong,polski,japonska,strong,24,2.8666666666666667,5.8,2025-06-17T17:26:35.200548,2,5,6,6,4,6,2,6,1,6,6,6,1,6,2,6,6,1,6,2,6,6,5,2,4,6,2,6,2,5
gpt-3.5-turbo,polski_japonska_strong,polski,japonska,strong,25,3.2,5.933333333333334,2025-06-17T17:26:39.486987,2,5,6,5,1,6,2,7,3,7,6,7,2,6,1,7,6,5,6,3,7,6,5,3,2,6,2,7,3,3
gpt-3.5-turbo,polski_japonska_strong,polski,japonska,strong,26,4.333333333333333,6.0,2025-06-17T17:26:43.196727,3,5,6,6,4,6,3,6,3,6,6,7,3,6,4,6,6,5,7,4,7,6,5,4,6,6,4,7,4,4
gpt-3.5-turbo,polski_japonska_strong,polski,japonska,strong,27,3.2,5.866666666666666,2025-06-17T17:26:47.628566,3,5,6,6,1,6,2,6,3,7,6,6,1,6,1,6,6,4,5,3,6,6,5,3,2,7,3,7,3,5
gpt-3.5-turbo,polski_japonska_strong,polski,japonska,strong,28,4.066666666666666,5.933333333333334,2025-06-17T17:26:51.557721,2,5,6,6,4,5,2,6,3,6,6,7,3,7,4,6,5,7,6,3,7,7,6,4,5,7,3,6,2,4
gpt-3.5-turbo,polski_japonska_strong,polski,japonska,strong,29,3.4,6.2,2025-06-17T17:26:56.862629,3,5,6,6,1,6,3,7,3,5,6,7,1,7,1,6,7,5,7,3,7,7,6,1,6,6,3,7,3,3
gpt-3.5-turbo,polski_japonska_strong,polski,japonska,strong,30,3.2,6.0,2025-06-17T17:27:01.183352,2,6,5,6,3,5,3,6,1,6,6,7,1,6,1,6,7,5,7,3,7,5,6,2,6,5,2,6,3,4
gpt-3.5-turbo,angielski_amerykanska_weak,angielski,amerykanska,weak,6,5.133333333333334,4.8,2025-06-17T17:27:05.644824,6,6,4,6,5,5,5,4,5,5,5,5,5,5,5,4,5,5,4,5,5,7,5,4,6,4,5,5,5,4
gpt-3.5-turbo,angielski_amerykanska_weak,angielski,amerykanska,weak,7,4.866666666666666,4.733333333333333,2025-06-17T17:27:09.395648,6,5,4,6,5,6,5,4,5,4,5,5,4,5,5,4,4,6,5,4,5,6,4,4,6,4,5,5,4,4
gpt-3.5-turbo,angielski_amerykanska_weak,angielski,amerykanska,weak,8,5.0,4.866666666666666,2025-06-17T17:27:13.159821,5,6,4,5,6,6,5,5,5,5,4,5,6,5,4,4,5,5,4,4,5,6,4,4,6,5,6,5,4,5
gpt-3.5-turbo,angielski_amerykanska_weak,angielski,amerykanska,weak,9,5.2,4.933333333333334,2025-06-17T17:27:17.308644,6,5,4,6,6,5,6,5,5,5,4,5,5,6,5,4,5,5,5,5,5,6,5,5,5,5,6,5,4,4
gpt-3.5-turbo,angielski_amerykanska_weak,angielski,amerykanska,weak,10,5.666666666666667,5.0,2025-06-17T17:27:21.189745,5,6,4,5,6,6,6,5,6,5,5,5,6,5,5,4,5,6,5,6,5,6,5,6,6,5,6,5,6,4
gpt-3.5-turbo,angielski_amerykanska_weak,angielski,amerykanska,weak,11,5.0,4.666666666666667,2025-06-17T17:27:26.696059,5,5,4,6,5,5,5,4,6,5,5,5,5,5,5,4,5,5,5,5,5,5,4,5,5,4,5,4,5,4
gpt-3.5-turbo,angielski_amerykanska_weak,angielski,amerykanska,weak,12,5.4,5.4,2025-06-17T17:27:31.867831,6,6,4,6,5,6,5,5,7,5,6,5,6,6,5,5,6,5,5,5,6,6,5,5,6,5,6,5,5,4
gpt-3.5-turbo,angielski_amerykanska_weak,angielski,amerykanska,weak,13,5.066666666666666,5.2,2025-06-17T17:27:36.694896,5,6,4,6,5,6,5,5,6,5,5,5,6,6,5,4,6,5,5,5,5,6,5,4,5,5,5,5,5,4
gpt-3.5-turbo,angielski_amerykanska_weak,angielski,amerykanska,weak,14,5.333333333333333,4.866666666666666,2025-06-17T17:27:41.180570,6,6,4,5,5,5,6,4,6,5,5,5,6,5,5,4,5,5,5,5,5,6,5,5,6,4,5,5,5,5
gpt-3.5-turbo,angielski_amerykanska_weak,angielski,amerykanska,weak,15,5.2,5.133333333333334,2025-06-17T17:27:45.377925,6,6,4,6,6,6,5,5,5,5,6,5,6,5,5,4,5,6,5,4,5,6,5,4,6,5,6,5,4,4
gpt-3.5-turbo,angielski_amerykanska_weak,angielski,amerykanska,weak,16,5.333333333333333,5.066666666666666,2025-06-17T17:27:52.368015,5,6,4,5,6,6,6,5,5,6,5,5,5,5,6,4,5,6,5,4,5,6,5,5,6,5,6,5,4,5
gpt-3.5-turbo,angielski_amerykanska_weak,angielski,amerykanska,weak,17,5.533333333333333,5.133333333333334,2025-06-17T17:27:55.857199,6,6,4,5,6,5,6,5,5,6,5,5,6,6,5,4,6,6,5,5,5,6,5,5,6,5,6,5,5,5
gpt-3.5-turbo,angielski_amerykanska_weak,angielski,amerykanska,weak,18,5.0,5.066666666666666,2025-06-17T17:28:00.371862,5,6,4,6,5,6,5,4,6,5,5,5,4,5,5,4,5,5,4,5,6,6,5,4,6,5,5,6,5,4
gpt-3.5-turbo,angielski_amerykanska_weak,angielski,amerykanska,weak,19,5.466666666666667,4.666666666666667,2025-06-17T17:28:04.650700,5,6,4,5,6,5,6,4,5,6,5,5,5,5,5,4,5,6,4,6,5,6,4,5,6,4,5,5,6,4
gpt-3.5-turbo,angielski_amerykanska_weak,angielski,amerykanska,weak,20,5.466666666666667,4.866666666666666,2025-06-17T17:28:09.907687,6,6,4,5,6,6,5,4,6,6,5,4,6,5,5,4,5,6,5,5,5,6,5,5,5,4,6,5,5,5
gpt-3.5-turbo,angielski_amerykanska_weak,angielski,amerykanska,weak,21,5.066666666666666,5.133333333333334,2025-06-17T17:28:13.968412,5,6,4,6,5,6,5,5,6,5,5,5,4,5,5,5,5,6,5,5,5,6,5,4,6,5,5,5,5,4
gpt-3.5-turbo,angielski_amerykanska_weak,angielski,amerykanska,weak,22,5.133333333333334,5.266666666666667,2025-06-17T17:28:17.451307,5,6,4,6,5,6,6,5,6,5,5,5,5,6,5,5,5,6,5,4,5,6,5,4,6,5,6,5,4,5
gpt-3.5-turbo,angielski_amerykanska_weak,angielski,amerykanska,weak,23,5.666666666666667,4.933333333333334,2025-06-17T17:28:22.507501,5,6,4,5,6,6,5,4,6,6,5,5,6,5,5,4,5,6,5,6,5,6,5,6,6,5,6,5,6,4
gpt-3.5-turbo,angielski_amerykanska_weak,angielski,amerykanska,weak,24,5.2,5.2,2025-06-17T17:28:26.351244,5,6,4,6,5,6,5,5,5,6,5,5,5,6,5,5,5,6,5,5,5,6,5,5,6,5,5,5,5,4
gpt-3.5-turbo,angielski_amerykanska_weak,angielski,amerykanska,weak,25,5.333333333333333,5.133333333333334,2025-06-17T17:28:30.956022,6,6,4,6,6,6,6,5,6,6,5,5,6,5,5,4,5,6,5,4,5,6,5,4,6,5,5,6,4,4
gpt-3.5-turbo,angielski_amerykanska_weak,angielski,amerykanska,weak,26,5.466666666666667,5.133333333333334,2025-06-17T17:28:35.275317,6,6,4,6,5,5,6,5,6,5,5,5,6,6,5,5,5,6,5,5,5,6,5,5,6,5,6,5,5,4
gpt-3.5-turbo,angielski_amerykanska_weak,angielski,amerykanska,weak,27,5.466666666666667,5.0,2025-06-17T17:28:41.557036,6,6,4,6,6,5,6,5,6,5,5,5,6,5,5,4,5,6,5,5,5,6,5,4,6,5,6,5,5,4
gpt-3.5-turbo,angielski_amerykanska_weak,angielski,amerykanska,weak,28,5.2,5.133333333333334,2025-06-17T17:28:47.000743,5,6,4,6,5,6,5,4,6,5,6,5,5,6,5,4,5,6,5,5,5,6,4,5,6,5,5,6,5,4
gpt-3.5-turbo,angielski_amerykanska_weak,angielski,amerykanska,weak,29,5.4,5.266666666666667,2025-06-17T17:28:51.359391,6,6,4,6,5,6,6,5,6,5,6,6,5,5,5,5,5,6,4,5,5,6,5,5,6,5,6,5,5,5
gpt-3.5-turbo,angielski_amerykanska_weak,angielski,amerykanska,weak,30,5.533333333333333,4.933333333333334,2025-06-17T17:28:55.603510,6,6,4,5,6,5,6,5,5,6,5,5,5,6,5,4,5,6,4,5,5,6,5,6,6,5,6,5,5,4
gpt-3.5-turbo,angielski_amerykanska_strong,angielski,amerykanska,strong,6,5.466666666666667,4.733333333333333,2025-06-17T17:29:00.127323,6,5,4,5,6,5,6,4,6,5,4,6,5,6,5,4,5,6,4,5,6,6,4,5,6,4,6,5,5,4
gpt-3.5-turbo,angielski_amerykanska_strong,angielski,amerykanska,strong,7,5.6,5.133333333333334,2025-06-17T17:29:04.490966,6,5,4,6,6,5,6,5,6,5,5,6,6,5,6,4,6,6,5,5,6,6,5,5,6,5,6,5,5,4
gpt-3.5-turbo,angielski_amerykanska_strong,angielski,amerykanska,strong,8,5.533333333333333,4.866666666666666,2025-06-17T17:29:09.687135,6,6,3,5,6,5,6,4,6,5,5,6,6,5,6,4,5,6,5,5,6,6,4,5,6,4,6,5,5,4
gpt-3.5-turbo,angielski_amerykanska_strong,angielski,amerykanska,strong,9,5.666666666666667,5.0,2025-06-17T17:29:15.755813,6,6,3,5,6,5,6,5,6,6,5,5,6,5,6,5,5,6,5,5,6,6,5,6,6,5,6,5,5,3
gpt-3.5-turbo,angielski_amerykanska_strong,angielski,amerykanska,strong,10,5.6,4.666666666666667,2025-06-17T17:29:20.086072,6,6,3,5,6,5,6,4,6,5,4,5,6,5,6,4,5,6,4,5,5,6,4,6,6,5,6,5,5,4
gpt-3.5-turbo,angielski_amerykanska_strong,angielski,amerykanska,strong,11,5.6,4.8,2025-06-17T17:29:24.493603,6,6,3,5,6,5,6,4,6,5,6,5,6,5,6,4,4,6,6,5,4,6,5,6,6,4,6,5,5,4
gpt-3.5-turbo,angielski_amerykanska_strong,angielski,amerykanska,strong,12,5.666666666666667,4.266666666666667,2025-06-17T17:29:27.944833,6,5,4,5,6,4,6,3,6,6,5,4,6,5,6,4,4,6,5,5,4,6,4,5,6,4,6,5,5,3
gpt-3.5-turbo,angielski_amerykanska_strong,angielski,amerykanska,strong,13,5.733333333333333,4.866666666666666,2025-06-17T17:29:32.493415,6,6,4,5,6,5,6,5,6,5,5,5,6,5,5,4,4,6,5,6,4,6,5,6,6,5,6,5,6,5
gpt-3.5-turbo,angielski_amerykanska_strong,angielski,amerykanska,strong,14,5.866666666666666,4.666666666666667,2025-06-17T17:29:35.710866,6,6,4,5,6,6,6,4,6,6,4,5,6,5,6,4,4,6,4,6,5,6,5,6,6,4,6,5,6,4
gpt-3.5-turbo,angielski_amerykanska_strong,angielski,amerykanska,strong,15,5.8,4.666666666666667,2025-06-17T17:29:40.287273,6,5,3,5,6,5,6,4,6,6,5,4,6,5,6,4,5,6,5,6,4,6,5,6,6,5,6,5,6,4
gpt-3.5-turbo,angielski_amerykanska_strong,angielski,amerykanska,strong,16,5.666666666666667,5.266666666666667,2025-06-17T17:29:44.853025,6,6,3,4,6,5,6,5,7,6,5,6,6,5,6,5,6,6,6,5,6,6,5,5,6,5,6,6,5,4
gpt-3.5-turbo,angielski_amerykanska_strong,angielski,amerykanska,strong,17,5.733333333333333,4.6,2025-06-17T17:29:49.413087,6,6,4,5,6,5,6,4,6,6,5,4,6,5,5,4,4,6,5,6,4,6,5,5,6,4,6,5,6,4
gpt-3.5-turbo,angielski_amerykanska_strong,angielski,amerykanska,strong,18,5.666666666666667,4.466666666666667,2025-06-17T17:29:52.666410,6,6,4,5,6,5,6,4,4,6,5,4,6,5,5,4,4,6,5,6,4,6,4,6,6,4,6,4,6,4
gpt-3.5-turbo,angielski_amerykanska_strong,angielski,amerykanska,strong,19,5.8,4.933333333333334,2025-06-17T17:29:55.840716,6,6,4,5,6,5,6,5,6,6,5,5,6,5,5,4,5,6,5,6,5,6,5,6,6,5,6,5,6,4
gpt-3.5-turbo,angielski_amerykanska_strong,angielski,amerykanska,strong,20,5.533333333333333,4.4,2025-06-17T17:30:00.243157,6,6,4,5,6,5,6,4,6,6,5,4,5,5,5,4,4,6,4,5,4,6,4,5,6,4,6,4,5,4
gpt-3.5-turbo,angielski_amerykanska_strong,angielski,amerykanska,strong,21,5.466666666666667,5.0,2025-06-17T17:30:04.914874,6,6,3,5,6,5,6,5,6,6,4,5,6,6,5,4,5,6,5,4,6,6,5,6,6,5,6,5,4,4
gpt-3.5-turbo,angielski_amerykanska_strong,angielski,amerykanska,strong,22,5.533333333333333,4.6,2025-06-17T17:30:10.754264,6,6,4,5,6,5,6,4,4,6,5,5,6,5,5,4,4,5,4,6,5,6,4,6,6,4,6,5,5,4
gpt-3.5-turbo,angielski_amerykanska_strong,angielski,amerykanska,strong,23,5.933333333333334,4.6,2025-06-17T17:30:14.479845,6,5,4,5,6,4,7,4,6,5,4,5,6,5,6,4,5,6,4,5,5,6,5,6,7,5,7,5,6,4
gpt-3.5-turbo,angielski_amerykanska_strong,angielski,amerykanska,strong,24,5.733333333333333,4.466666666666667,2025-06-17T17:30:19.671065,6,5,4,5,6,4,6,4,6,5,4,5,6,5,6,4,5,6,4,5,5,6,4,6,6,4,6,5,6,4
gpt-3.5-turbo,angielski_amerykanska_strong,angielski,amerykanska,strong,25,5.866666666666666,5.133333333333334,2025-06-17T17:30:24.116378,6,6,4,5,6,5,6,5,6,6,5,5,6,6,6,5,5,6,5,6,5,6,5,6,6,5,6,5,6,5
gpt-3.5-turbo,angielski_amerykanska_strong,angielski,amerykanska,strong,26,5.866666666666666,4.666666666666667,2025-06-17T17:30:29.008794,6,5,3,5,6,5,6,4,7,6,5,5,6,6,6,4,5,6,4,5,5,6,4,6,7,5,7,5,5,3
gpt-3.5-turbo,angielski_amerykanska_strong,angielski,amerykanska,strong,27,5.866666666666666,4.933333333333334,2025-06-17T17:30:34.195385,6,5,4,5,6,5,6,5,6,6,5,5,6,6,6,5,4,6,5,6,5,6,5,6,6,5,6,5,6,4
gpt-3.5-turbo,angielski_amerykanska_strong,angielski,amerykanska,strong,28,5.6,5.0,2025-06-17T17:30:39.465001,6,6,4,5,6,5,6,5,6,5,5,5,6,6,5,4,5,6,5,5,5,6,5,6,6,5,6,5,5,4
gpt-3.5-turbo,angielski_amerykanska_strong,angielski,amerykanska,strong,29,5.866666666666666,4.533333333333333,2025-06-17T17:30:44.100430,6,6,4,5,6,5,6,4,7,6,5,4,6,5,6,4,4,6,5,6,4,6,4,5,6,4,6,5,6,4
gpt-3.5-turbo,angielski_amerykanska_strong,angielski,amerykanska,strong,30,5.733333333333333,4.466666666666667,2025-06-17T17:30:50.946956,6,6,4,5,6,5,6,4,6,6,4,4,6,5,6,4,4,6,4,5,5,6,4,6,6,4,6,5,5,4
gpt-3.5-turbo,angielski_polska_weak,angielski,polska,weak,6,4.666666666666667,5.466666666666667,2025-06-17T17:30:55.414985,5,5,4,6,2,6,5,5,5,6,6,6,6,5,4,5,6,5,6,4,6,7,5,4,5,5,4,6,4,4
gpt-3.5-turbo,angielski_polska_weak,angielski,polska,weak,7,3.7333333333333334,5.266666666666667,2025-06-17T17:30:59.448069,3,6,4,6,2,6,5,5,1,5,6,5,6,5,5,5,5,4,5,2,5,6,5,3,6,5,2,6,2,4
gpt-3.5-turbo,angielski_polska_weak,angielski,polska,weak,8,4.533333333333333,5.2,2025-06-17T17:31:03.935599,3,5,4,6,4,6,5,4,6,5,6,5,6,6,4,5,5,5,4,4,6,5,5,4,5,5,4,6,4,4
gpt-3.5-turbo,angielski_polska_weak,angielski,polska,weak,9,4.466666666666667,5.533333333333333,2025-06-17T17:31:07.169485,3,5,4,6,4,6,5,5,3,5,6,5,6,6,4,5,6,6,5,4,6,6,5,3,5,6,5,6,4,5
gpt-3.5-turbo,angielski_polska_weak,angielski,polska,weak,10,4.8,5.466666666666667,2025-06-17T17:31:10.918007,5,6,4,6,4,6,5,5,6,5,5,6,5,6,4,5,6,5,5,4,6,6,5,4,6,5,5,5,4,5
gpt-3.5-turbo,angielski_polska_weak,angielski,polska,weak,11,3.2666666666666666,5.733333333333333,2025-06-17T17:31:15.746593,2,5,3,6,2,6,5,6,1,5,7,6,1,6,2,5,6,6,5,2,6,7,5,2,7,6,2,6,2,5
gpt-3.5-turbo,angielski_polska_weak,angielski,polska,weak,12,5.0,5.333333333333333,2025-06-17T17:31:19.911561,5,5,4,6,5,6,5,5,6,6,6,5,5,6,5,5,5,6,6,4,5,6,5,4,6,5,4,6,4,4
gpt-3.5-turbo,angielski_polska_weak,angielski,polska,weak,13,3.6,6.0,2025-06-17T17:31:24.022292,2,6,4,6,2,6,4,6,6,4,6,6,2,6,4,6,6,6,6,2,6,6,6,2,4,6,4,6,2,6
gpt-3.5-turbo,angielski_polska_weak,angielski,polska,weak,14,4.666666666666667,5.733333333333333,2025-06-17T17:31:27.269501,4,6,3,6,5,6,5,5,6,5,6,6,5,6,4,6,6,5,6,4,6,5,5,4,5,5,6,6,4,5
gpt-3.5-turbo,angielski_polska_weak,angielski,polska,weak,15,4.4,5.466666666666667,2025-06-17T17:31:32.504973,2,5,4,6,4,6,7,5,4,5,6,5,4,6,4,5,6,4,6,4,6,6,5,4,6,5,4,6,4,4
gpt-3.5-turbo,angielski_polska_weak,angielski,polska,weak,16,3.8,5.8,2025-06-17T17:31:36.665474,2,5,6,6,2,6,4,6,2,4,6,6,5,6,2,6,6,4,6,5,6,5,6,2,5,6,4,6,5,4
gpt-3.5-turbo,angielski_polska_weak,angielski,polska,weak,17,4.933333333333334,5.466666666666667,2025-06-17T17:31:42.911704,4,5,6,6,3,6,7,5,6,5,5,6,5,6,4,5,6,6,4,3,6,6,5,4,6,6,5,6,4,5
gpt-3.5-turbo,angielski_polska_weak,angielski,polska,weak,18,4.4,5.866666666666666,2025-06-17T17:31:47.615476,3,6,5,6,2,6,5,6,6,6,5,6,5,6,5,6,6,6,6,3,6,6,6,3,6,6,3,6,2,5
gpt-3.5-turbo,angielski_polska_weak,angielski,polska,weak,19,4.8,5.4,2025-06-17T17:31:54.480104,3,6,5,6,3,6,4,5,6,5,6,5,6,6,5,5,5,6,6,5,5,6,5,4,6,5,4,5,4,5
gpt-3.5-turbo,angielski_polska_weak,angielski,polska,weak,20,4.733333333333333,5.6,2025-06-17T17:31:58.825184,3,5,4,6,3,6,6,6,7,5,6,5,7,6,4,6,5,5,5,4,6,6,6,4,6,6,3,6,4,4
gpt-3.5-turbo,angielski_polska_weak,angielski,polska,weak,21,4.066666666666666,5.666666666666667,2025-06-17T17:32:03.128862,2,5,4,6,3,6,4,6,2,5,6,6,5,6,3,6,6,5,6,5,6,6,5,3,4,6,5,6,5,3
gpt-3.5-turbo,angielski_polska_weak,angielski,polska,weak,22,3.6,5.866666666666666,2025-06-17T17:32:06.566687,2,6,3,6,2,6,5,6,1,5,6,6,5,6,2,6,6,6,7,4,6,6,6,2,5,6,2,6,4,3
gpt-3.5-turbo,angielski_polska_weak,angielski,polska,weak,23,3.8,5.466666666666667,2025-06-17T17:32:10.734862,2,6,4,6,3,6,6,5,1,2,6,5,2,6,4,5,5,6,6,4,5,6,5,2,6,5,5,6,4,5
gpt-3.5-turbo,angielski_polska_weak,angielski,polska,weak,24,3.8666666666666663,5.533333333333333,2025-06-17T17:32:14.191479,2,6,4,6,2,6,4,5,6,4,5,6,3,5,3,5,6,4,6,4,6,5,5,3,5,6,5,6,4,4
gpt-3.5-turbo,angielski_polska_weak,angielski,polska,weak,25,4.266666666666667,5.533333333333333,2025-06-17T17:32:17.875038,3,5,4,6,2,6,5,5,4,5,6,5,4,6,4,5,6,6,6,4,6,6,5,3,5,6,4,6,5,4
gpt-3.5-turbo,angielski_polska_weak,angielski,polska,weak,26,4.466666666666667,5.866666666666666,2025-06-17T17:32:22.392596,4,6,4,6,4,5,5,6,5,5,6,6,4,6,4,6,6,5,6,4,6,6,6,4,5,6,4,6,4,5
gpt-3.5-turbo,angielski_polska_weak,angielski,polska,weak,27,4.733333333333333,5.6,2025-06-17T17:32:26.929799,3,6,4,6,4,6,5,6,6,5,6,5,5,6,4,6,5,6,5,4,5,6,6,4,6,6,5,6,4,4
gpt-3.5-turbo,angielski_polska_weak,angielski,polska,weak,28,4.266666666666667,5.466666666666667,2025-06-17T17:32:30.485645,3,5,4,6,3,6,5,5,6,5,6,5,6,5,4,5,6,5,5,3,6,6,5,3,4,6,4,6,3,5
gpt-3.5-turbo,angielski_polska_weak,angielski,polska,weak,29,5.0,5.333333333333333,2025-06-17T17:32:35.210899,3,6,5,6,2,5,6,5,6,6,6,5,6,5,4,5,5,6,6,5,5,6,5,4,6,6,5,6,5,4
gpt-3.5-turbo,angielski_polska_weak,angielski,polska,weak,30,4.8,5.533333333333333,2025-06-17T17:32:44.480128,5,6,4,5,4,6,5,6,5,6,5,5,5,6,4,6,5,5,6,5,6,5,6,4,5,5,5,6,5,4
gpt-3.5-turbo,angielski_polska_strong,angielski,polska,strong,6,3.8,5.933333333333334,2025-06-17T17:32:49.352723,2,6,5,6,2,6,3,6,5,4,6,6,7,6,5,6,6,5,6,3,6,6,6,2,3,6,3,6,2,5
gpt-3.5-turbo,angielski_polska_strong,angielski,polska,strong,7,3.533333333333333,6.4,2025-06-17T17:32:53.403773,2,6,5,6,2,6,4,7,3,5,6,7,5,7,4,6,7,6,7,3,7,5,6,2,3,6,2,7,2,5
gpt-3.5-turbo,angielski_polska_strong,angielski,polska,strong,8,3.8666666666666663,6.333333333333333,2025-06-17T17:32:57.398751,2,5,4,6,2,6,4,7,4,5,6,7,5,7,4,6,7,5,7,4,7,6,5,2,3,7,2,7,6,5
gpt-3.5-turbo,angielski_polska_strong,angielski,polska,strong,9,3.066666666666667,6.466666666666667,2025-06-17T17:33:01.062974,2,5,5,6,2,6,2,7,1,5,6,7,5,7,2,6,7,5,7,2,7,6,7,1,2,7,1,7,5,5
gpt-3.5-turbo,angielski_polska_strong,angielski,polska,strong,10,3.933333333333333,6.6,2025-06-17T17:33:04.947930,2,6,5,6,2,6,2,7,5,5,6,7,5,7,2,7,7,5,7,5,7,6,7,2,5,7,3,7,5,5
gpt-3.5-turbo,angielski_polska_strong,angielski,polska,strong,11,3.933333333333333,6.266666666666667,2025-06-17T17:33:08.483200,2,5,4,6,2,6,3,7,6,5,6,7,5,7,6,6,7,5,6,2,7,6,6,2,3,7,2,7,6,4
gpt-3.5-turbo,angielski_polska_strong,angielski,polska,strong,12,3.8666666666666663,6.333333333333333,2025-06-17T17:33:13.038542,2,6,4,5,2,6,3,7,7,3,7,7,4,6,4,6,7,5,6,5,7,6,6,2,3,7,2,7,6,5
gpt-3.5-turbo,angielski_polska_strong,angielski,polska,strong,13,3.2666666666666666,6.266666666666667,2025-06-17T17:33:17.208636,2,5,4,6,2,6,3,7,1,4,6,7,5,7,2,7,7,4,7,5,7,6,6,2,3,6,3,6,3,4
gpt-3.5-turbo,angielski_polska_strong,angielski,polska,strong,14,3.533333333333333,6.6,2025-06-17T17:33:21.004004,2,6,5,6,2,7,2,7,2,5,6,7,6,7,2,7,7,5,6,2,7,6,6,2,5,7,2,7,5,6
gpt-3.5-turbo,angielski_polska_strong,angielski,polska,strong,15,3.2,6.533333333333333,2025-06-17T17:33:25.353953,2,6,4,6,2,6,4,7,3,5,6,7,5,7,2,7,7,5,7,2,7,6,7,2,2,7,2,7,2,4
gpt-3.5-turbo,angielski_polska_strong,angielski,polska,strong,16,3.066666666666667,6.4,2025-06-17T17:33:31.000314,2,6,4,6,2,6,2,7,1,5,6,7,6,7,1,7,7,6,5,2,7,7,7,1,3,7,2,7,2,4
gpt-3.5-turbo,angielski_polska_strong,angielski,polska,strong,17,2.933333333333333,6.6,2025-06-17T17:33:34.609152,2,6,5,6,2,6,2,7,1,5,6,7,5,7,1,7,7,5,7,2,7,6,7,2,2,7,2,7,2,5
gpt-3.5-turbo,angielski_polska_strong,angielski,polska,strong,18,3.6,6.333333333333333,2025-06-17T17:33:39.865911,2,5,3,6,2,6,2,6,7,5,6,7,7,6,4,7,7,5,6,2,7,6,7,2,2,7,2,7,3,5
gpt-3.5-turbo,angielski_polska_strong,angielski,polska,strong,19,3.933333333333333,6.4,2025-06-17T17:33:43.924829,2,5,5,6,2,6,3,7,5,5,6,7,4,7,4,6,7,5,6,4,7,6,6,3,4,7,3,7,4,6
gpt-3.5-turbo,angielski_polska_strong,angielski,polska,strong,20,3.7333333333333334,6.333333333333333,2025-06-17T17:33:48.331794,2,5,4,6,2,6,3,7,4,5,6,7,5,7,4,6,7,5,7,3,7,5,6,2,5,7,2,7,5,4
gpt-3.5-turbo,angielski_polska_strong,angielski,polska,strong,21,3.8666666666666663,6.333333333333333,2025-06-17T17:33:51.696663,2,6,5,6,2,6,4,7,6,4,6,7,6,5,2,5,7,5,7,2,7,6,7,2,4,7,3,7,5,5
gpt-3.5-turbo,angielski_polska_strong,angielski,polska,strong,22,3.8,6.266666666666667,2025-06-17T17:33:56.110832,2,6,5,6,2,6,4,7,4,4,6,7,5,6,5,7,7,5,6,4,7,5,6,2,3,6,2,7,5,4
gpt-3.5-turbo,angielski_polska_strong,angielski,polska,strong,23,3.6666666666666665,6.466666666666667,2025-06-17T17:34:01.248060,2,6,4,6,2,6,3,7,4,2,6,7,6,7,4,7,7,6,6,4,7,6,7,2,4,7,2,7,4,4
gpt-3.5-turbo,angielski_polska_strong,angielski,polska,strong,24,3.8666666666666663,6.333333333333333,2025-06-17T17:34:04.674477,2,6,5,6,2,6,4,7,4,5,6,7,5,7,4,6,7,6,6,2,7,6,6,3,4,7,2,7,4,4
gpt-3.5-turbo,angielski_polska_strong,angielski,polska,strong,25,3.7333333333333334,6.466666666666667,2025-06-17T17:34:10.309504,2,5,4,6,2,6,3,7,4,5,6,7,6,7,4,7,7,4,7,4,7,6,7,2,3,7,2,7,5,4
gpt-3.5-turbo,angielski_polska_strong,angielski,polska,strong,26,3.8,6.133333333333334,2025-06-17T17:34:15.387283,2,6,5,6,2,6,4,6,4,5,6,7,4,6,5,6,7,5,6,4,7,6,5,2,3,6,2,7,4,5
gpt-3.5-turbo,angielski_polska_strong,angielski,polska,strong,27,3.6,6.266666666666667,2025-06-17T17:34:18.588650,2,5,4,6,2,6,3,7,5,3,6,7,4,6,4,6,7,5,6,4,7,5,6,2,4,7,3,7,4,5
gpt-3.5-turbo,angielski_polska_strong,angielski,polska,strong,28,3.533333333333333,6.2,2025-06-17T17:34:23.109813,2,5,4,6,1,6,4,7,4,5,6,7,5,7,4,6,7,5,5,2,7,6,6,2,5,7,2,7,2,4
gpt-3.5-turbo,angielski_polska_strong,angielski,polska,strong,29,3.6,6.066666666666666,2025-06-17T17:34:26.966020,2,6,5,6,2,5,2,6,6,2,6,7,6,5,2,6,7,5,6,5,7,6,6,2,2,7,2,6,5,5
gpt-3.5-turbo,angielski_polska_strong,angielski,polska,strong,30,3.7333333333333334,6.133333333333334,2025-06-17T17:34:31.208388,2,6,5,6,2,6,2,6,5,4,6,7,5,6,5,6,7,5,6,2,7,6,5,2,4,6,2,7,5,5
gpt-3.5-turbo,angielski_neutralna_weak,angielski,neutralna,weak,6,5.4,5.133333333333334,2025-06-17T17:34:34.799811,6,5,4,6,6,6,5,5,6,6,5,5,6,5,5,5,5,5,5,5,5,6,5,4,6,5,6,5,5,5
gpt-3.5-turbo,angielski_neutralna_weak,angielski,neutralna,weak,7,5.133333333333334,4.933333333333334,2025-06-17T17:34:40.117635,6,5,4,5,6,6,4,5,5,6,5,5,6,5,4,4,6,5,4,5,5,6,5,4,6,5,6,5,4,4
gpt-3.5-turbo,angielski_neutralna_weak,angielski,neutralna,weak,8,5.266666666666667,5.066666666666666,2025-06-17T17:34:46.348891,6,6,4,5,6,5,5,5,6,6,5,6,6,6,5,4,5,6,5,4,5,6,5,4,5,5,6,5,4,4
gpt-3.5-turbo,angielski_neutralna_weak,angielski,neutralna,weak,9,5.4,5.266666666666667,2025-06-17T17:34:50.988741,6,6,4,4,6,6,6,5,6,7,4,6,5,6,4,4,6,6,5,5,6,6,5,4,6,5,6,6,4,5
gpt-3.5-turbo,angielski_neutralna_weak,angielski,neutralna,weak,10,5.266666666666667,5.066666666666666,2025-06-17T17:34:54.798492,6,5,4,6,6,6,5,4,6,6,5,5,5,6,5,4,5,6,5,4,5,6,5,4,6,5,6,5,4,5
gpt-3.5-turbo,angielski_neutralna_weak,angielski,neutralna,weak,11,5.6,4.866666666666666,2025-06-17T17:35:01.495048,6,5,4,6,6,6,5,4,6,6,4,5,6,6,5,4,5,6,4,6,5,6,5,4,6,5,6,5,6,4
gpt-3.5-turbo,angielski_neutralna_weak,angielski,neutralna,weak,12,5.6,5.066666666666666,2025-06-17T17:35:07.135079,6,6,4,5,6,6,5,5,6,6,4,5,6,5,4,5,5,6,5,6,5,6,5,5,6,5,6,5,6,5
gpt-3.5-turbo,angielski_neutralna_weak,angielski,neutralna,weak,13,5.133333333333334,5.0,2025-06-17T17:35:12.770501,6,5,4,6,6,4,6,5,5,6,5,5,4,6,4,5,5,6,5,4,5,6,5,4,6,5,6,5,4,4
gpt-3.5-turbo,angielski_neutralna_weak,angielski,neutralna,weak,14,5.133333333333334,5.333333333333333,2025-06-17T17:35:18.055410,6,6,4,6,6,5,6,6,5,6,4,6,5,6,5,5,6,5,5,5,6,5,5,4,5,5,6,5,4,4
gpt-3.5-turbo,angielski_neutralna_weak,angielski,neutralna,weak,15,5.333333333333333,5.0,2025-06-17T17:35:24.795977,6,5,4,6,6,6,5,5,4,6,6,5,4,5,5,5,4,6,4,6,5,6,5,4,6,5,6,5,6,4
gpt-3.5-turbo,angielski_neutralna_weak,angielski,neutralna,weak,16,5.2,5.333333333333333,2025-06-17T17:35:29.761630,6,6,4,5,5,6,5,6,6,6,5,5,6,6,5,4,6,6,5,4,5,6,5,4,5,6,6,5,4,5
gpt-3.5-turbo,angielski_neutralna_weak,angielski,neutralna,weak,17,5.466666666666667,5.4,2025-06-17T17:35:33.997523,6,7,4,6,6,5,6,4,7,6,5,6,6,6,5,5,6,6,5,4,6,6,5,4,6,5,6,5,4,5
gpt-3.5-turbo,angielski_neutralna_weak,angielski,neutralna,weak,18,5.133333333333334,5.066666666666666,2025-06-17T17:35:37.452011,6,6,4,6,6,6,6,4,5,5,6,5,6,6,4,4,5,5,5,4,5,6,4,4,6,5,6,5,4,4
gpt-3.5-turbo,angielski_neutralna_weak,angielski,neutralna,weak,19,5.333333333333333,5.333333333333333,2025-06-17T17:35:41.584476,6,6,4,5,6,6,6,5,6,6,4,6,6,6,5,5,6,6,5,4,6,5,5,4,6,5,6,5,4,5
gpt-3.5-turbo,angielski_neutralna_weak,angielski,neutralna,weak,20,5.4,5.2,2025-06-17T17:35:45.947438,6,6,4,6,6,6,6,5,6,6,4,6,6,5,5,4,6,6,4,4,6,6,5,4,6,5,6,5,4,5
gpt-3.5-turbo,angielski_neutralna_weak,angielski,neutralna,weak,21,5.666666666666667,5.4,2025-06-17T17:35:49.650195,6,6,4,6,6,6,5,5,6,6,6,5,6,6,6,5,6,6,6,6,5,5,5,5,6,5,6,5,6,4
gpt-3.5-turbo,angielski_neutralna_weak,angielski,neutralna,weak,22,5.2,5.266666666666667,2025-06-17T17:35:53.799013,6,5,4,6,6,5,6,5,6,5,4,6,5,6,4,5,6,6,5,4,6,6,5,4,6,5,6,5,4,5
gpt-3.5-turbo,angielski_neutralna_weak,angielski,neutralna,weak,23,5.4,5.333333333333333,2025-06-17T17:35:57.150875,6,6,4,6,6,6,6,5,6,6,6,5,5,6,5,5,6,6,5,5,5,6,5,4,6,5,6,5,4,4
gpt-3.5-turbo,angielski_neutralna_weak,angielski,neutralna,weak,24,5.2,5.066666666666666,2025-06-17T17:36:02.864100,6,5,4,6,6,6,5,5,6,6,5,5,6,5,4,5,5,6,5,4,5,5,5,4,5,5,6,5,5,4
gpt-3.5-turbo,angielski_neutralna_weak,angielski,neutralna,weak,25,5.2,5.133333333333334,2025-06-17T17:36:09.702359,6,5,4,6,6,6,5,5,6,6,4,5,5,6,4,5,5,6,5,4,5,6,5,4,6,5,6,5,4,5
gpt-3.5-turbo,angielski_neutralna_weak,angielski,neutralna,weak,26,5.266666666666667,5.0,2025-06-17T17:36:14.549015,6,6,4,5,5,6,6,5,6,5,4,5,6,5,4,5,5,5,5,5,5,6,5,4,6,5,6,5,5,4
gpt-3.5-turbo,angielski_neutralna_weak,angielski,neutralna,weak,27,5.266666666666667,5.266666666666667,2025-06-17T17:36:19.512272,6,6,4,5,6,6,5,5,5,6,5,6,6,6,5,5,6,6,4,4,6,6,5,4,6,5,6,5,4,4
gpt-3.5-turbo,angielski_neutralna_weak,angielski,neutralna,weak,28,5.266666666666667,5.2,2025-06-17T17:36:23.149245,6,5,4,6,6,5,6,5,6,6,5,5,5,6,4,5,5,6,4,5,6,6,5,4,5,6,5,6,5,4
gpt-3.5-turbo,angielski_neutralna_weak,angielski,neutralna,weak,29,5.6,5.066666666666666,2025-06-17T17:36:29.920264,6,6,4,5,6,6,6,5,6,6,4,5,6,6,5,4,6,6,5,6,5,6,5,4,6,5,6,5,5,4
gpt-3.5-turbo,angielski_neutralna_weak,angielski,neutralna,weak,30,5.266666666666667,5.0,2025-06-17T17:36:35.751671,6,6,4,6,6,5,5,4,5,6,5,5,5,6,4,4,5,6,5,5,5,6,5,4,6,5,6,5,5,4
gpt-3.5-turbo,angielski_neutralna_strong,angielski,neutralna,strong,6,5.266666666666667,5.0,2025-06-17T17:36:40.107904,6,5,4,6,6,6,5,5,5,6,4,5,5,6,4,4,6,6,4,5,5,6,4,4,6,5,5,6,6,4
gpt-3.5-turbo,angielski_neutralna_strong,angielski,neutralna,strong,7,5.266666666666667,5.2,2025-06-17T17:36:44.828656,6,6,4,6,5,6,5,5,6,6,5,6,6,5,5,4,5,6,5,4,6,6,5,4,6,5,6,5,4,4
gpt-3.5-turbo,angielski_neutralna_strong,angielski,neutralna,strong,8,5.666666666666667,4.866666666666666,2025-06-17T17:36:50.340164,6,6,4,5,6,5,6,5,5,6,4,5,6,6,5,4,5,6,5,6,5,6,4,5,6,5,6,5,6,4
gpt-3.5-turbo,angielski_neutralna_strong,angielski,neutralna,strong,9,5.133333333333334,5.266666666666667,2025-06-17T17:36:53.588336,6,5,4,6,6,5,6,5,4,6,6,6,5,6,4,5,6,5,4,4,6,6,5,4,6,5,6,5,5,4
gpt-3.5-turbo,angielski_neutralna_strong,angielski,neutralna,strong,10,5.666666666666667,5.4,2025-06-17T17:36:58.027175,6,6,4,6,6,6,5,5,6,6,5,6,6,5,5,4,6,6,6,6,6,7,5,4,6,5,6,5,6,5
gpt-3.5-turbo,angielski_neutralna_strong,angielski,neutralna,strong,11,5.466666666666667,5.333333333333333,2025-06-17T17:37:02.281888,6,6,4,5,6,5,6,5,6,7,5,6,6,6,5,4,6,6,6,4,6,6,5,4,6,5,6,6,4,4
gpt-3.5-turbo,angielski_neutralna_strong,angielski,neutralna,strong,12,5.266666666666667,5.2,2025-06-17T17:37:06.488221,6,6,4,6,6,5,7,6,4,6,5,5,5,6,5,4,6,6,4,4,6,6,5,4,6,5,6,5,4,4
gpt-3.5-turbo,angielski_neutralna_strong,angielski,neutralna,strong,13,5.4,5.2,2025-06-17T17:37:10.459622,6,6,4,5,6,6,7,5,6,6,5,5,5,6,5,4,6,6,5,4,5,6,5,3,6,5,6,6,5,4
gpt-3.5-turbo,angielski_neutralna_strong,angielski,neutralna,strong,14,5.6,5.266666666666667,2025-06-17T17:37:14.627695,6,5,4,6,6,5,6,5,7,6,5,5,6,6,5,5,6,6,5,5,6,6,5,4,6,5,6,6,5,4
gpt-3.5-turbo,angielski_neutralna_strong,angielski,neutralna,strong,15,5.4,5.2,2025-06-17T17:37:17.976909,6,6,4,6,6,6,6,5,6,6,5,6,6,6,5,4,6,6,3,4,6,6,5,4,6,5,6,5,4,4
gpt-3.5-turbo,angielski_neutralna_strong,angielski,neutralna,strong,16,5.266666666666667,5.0,2025-06-17T17:37:23.227823,6,5,4,5,6,6,5,4,5,6,5,6,5,6,5,4,5,6,5,4,6,6,4,5,6,5,6,5,4,4
gpt-3.5-turbo,angielski_neutralna_strong,angielski,neutralna,strong,17,5.2,5.066666666666666,2025-06-17T17:37:28.448804,6,6,4,5,6,6,6,5,4,6,5,5,6,6,4,4,5,6,5,4,5,6,5,4,6,5,6,5,4,4
gpt-3.5-turbo,angielski_neutralna_strong,angielski,neutralna,strong,18,5.266666666666667,5.333333333333333,2025-06-17T17:37:32.751263,6,6,4,6,5,5,6,5,6,6,5,6,5,6,5,4,6,6,5,4,6,6,5,4,6,5,6,5,4,5
gpt-3.5-turbo,angielski_neutralna_strong,angielski,neutralna,strong,19,5.333333333333333,5.2,2025-06-17T17:37:37.147565,6,5,4,6,5,6,6,5,6,6,4,5,5,6,4,5,6,6,5,5,5,6,5,4,6,5,6,5,5,5
gpt-3.5-turbo,angielski_neutralna_strong,angielski,neutralna,strong,20,5.6,5.133333333333334,2025-06-17T17:37:41.605923,6,6,4,5,6,6,6,4,6,6,5,6,6,6,5,4,6,6,4,5,6,7,4,5,5,5,6,6,5,4
gpt-3.5-turbo,angielski_neutralna_strong,angielski,neutralna,strong,21,5.533333333333333,4.933333333333334,2025-06-17T17:37:46.032209,6,5,4,6,6,5,6,5,6,6,5,5,6,5,5,4,5,6,5,5,5,6,5,4,6,5,6,5,5,4
gpt-3.5-turbo,angielski_neutralna_strong,angielski,neutralna,strong,22,5.466666666666667,5.133333333333334,2025-06-17T17:37:49.439335,6,6,4,5,5,6,6,5,6,5,5,6,5,5,5,4,5,6,5,6,6,6,5,4,6,5,6,5,6,4
gpt-3.5-turbo,angielski_neutralna_strong,angielski,neutralna,strong,23,5.2,5.333333333333333,2025-06-17T17:37:52.823133,6,6,4,5,6,6,5,5,6,6,5,6,5,6,5,5,7,6,4,4,6,5,5,4,6,5,6,5,4,4
gpt-3.5-turbo,angielski_neutralna_strong,angielski,neutralna,strong,24,5.4,5.333333333333333,2025-06-17T17:37:58.350980,6,6,4,5,6,6,6,5,5,6,6,5,6,6,6,5,6,6,4,5,6,6,5,4,5,5,5,6,5,4
gpt-3.5-turbo,angielski_neutralna_strong,angielski,neutralna,strong,25,5.266666666666667,5.333333333333333,2025-06-17T17:38:02.306715,6,6,4,5,6,6,7,5,5,6,5,6,5,6,5,4,7,6,5,4,6,5,5,4,6,5,6,5,4,4
gpt-3.5-turbo,angielski_neutralna_strong,angielski,neutralna,strong,26,5.4,4.8,2025-06-17T17:38:10.390173,6,5,4,5,6,5,4,5,6,6,4,5,6,5,5,4,5,6,5,5,5,6,5,4,6,5,6,5,5,4
gpt-3.5-turbo,angielski_neutralna_strong,angielski,neutralna,strong,27,5.4,5.133333333333334,2025-06-17T17:38:13.913091,6,5,4,6,6,6,6,5,6,6,5,5,6,6,5,4,5,6,5,4,5,6,5,4,6,5,6,5,4,5
gpt-3.5-turbo,angielski_neutralna_strong,angielski,neutralna,strong,28,5.333333333333333,4.866666666666666,2025-06-17T17:38:18.316748,6,5,4,6,5,6,5,4,6,6,5,6,6,5,4,4,5,6,4,5,5,6,4,4,6,5,6,5,5,4
gpt-3.5-turbo,angielski_neutralna_strong,angielski,neutralna,strong,29,5.266666666666667,5.066666666666666,2025-06-17T17:38:23.408046,6,6,4,6,6,6,5,5,5,6,5,5,5,6,5,4,5,6,4,4,5,6,4,4,6,5,6,6,5,4
gpt-3.5-turbo,angielski_neutralna_strong,angielski,neutralna,strong,30,5.066666666666666,5.2,2025-06-17T17:38:30.264266,6,6,4,6,5,6,5,4,5,6,5,7,6,6,5,4,6,6,5,4,5,5,4,4,6,5,5,5,4,4
gpt-3.5-turbo,angielski_japonska_weak,angielski,japonska,weak,6,4.666666666666667,5.866666666666666,2025-06-17T17:38:35.163511,3,6,5,6,3,5,6,6,4,5,6,6,5,6,4,6,6,5,6,4,6,6,6,3,6,6,5,6,6,5
gpt-3.5-turbo,angielski_japonska_weak,angielski,japonska,weak,7,4.2,6.0,2025-06-17T17:38:39.718141,3,5,4,6,3,6,4,6,6,3,6,7,4,6,4,5,6,4,6,4,7,7,6,3,5,6,4,7,5,5
gpt-3.5-turbo,angielski_japonska_weak,angielski,japonska,weak,8,5.133333333333334,6.0,2025-06-17T17:38:43.536070,3,6,6,6,3,6,6,6,6,3,6,6,6,6,6,6,6,6,6,5,6,6,6,5,6,6,5,6,5,6
gpt-3.5-turbo,angielski_japonska_weak,angielski,japonska,weak,9,4.666666666666667,5.933333333333334,2025-06-17T17:38:47.834793,3,5,6,6,2,6,5,6,5,4,6,6,4,7,5,6,6,5,6,6,6,6,5,3,6,6,4,7,6,5
gpt-3.5-turbo,angielski_japonska_weak,angielski,japonska,weak,10,4.2,6.066666666666666,2025-06-17T17:38:51.821300,2,5,4,6,3,6,5,6,5,4,6,7,5,6,4,6,6,4,6,3,7,7,6,3,7,6,3,7,4,5
gpt-3.5-turbo,angielski_japonska_weak,angielski,japonska,weak,11,4.6,5.933333333333334,2025-06-17T17:38:57.090396,2,5,6,6,2,6,4,6,6,5,6,6,5,6,4,6,6,6,6,5,6,6,6,4,6,6,4,6,4,6
gpt-3.5-turbo,angielski_japonska_weak,angielski,japonska,weak,12,5.2,6.0,2025-06-17T17:39:00.563352,4,6,6,6,4,6,6,6,6,5,6,6,6,6,5,6,6,6,6,6,6,6,6,4,6,6,4,6,4,6
gpt-3.5-turbo,angielski_japonska_weak,angielski,japonska,weak,13,4.4,6.133333333333334,2025-06-17T17:39:04.964532,2,5,4,6,4,6,4,7,6,4,6,7,4,6,4,6,7,4,6,4,7,7,6,4,7,6,4,7,4,4
gpt-3.5-turbo,angielski_japonska_weak,angielski,japonska,weak,14,4.6,5.933333333333334,2025-06-17T17:39:08.888418,3,5,6,6,3,6,5,6,3,3,6,6,5,6,5,6,6,6,7,6,6,7,6,3,4,6,4,6,6,5
gpt-3.5-turbo,angielski_japonska_weak,angielski,japonska,weak,15,4.933333333333334,6.333333333333333,2025-06-17T17:39:13.405874,3,5,6,6,2,6,5,7,5,5,6,7,4,7,5,7,7,5,7,6,5,7,7,2,7,7,6,7,6,4
gpt-3.5-turbo,angielski_japonska_weak,angielski,japonska,weak,16,4.333333333333333,5.466666666666667,2025-06-17T17:39:18.733470,2,6,4,6,2,4,4,6,6,6,6,5,4,6,5,6,5,4,5,4,5,6,6,4,6,6,4,6,4,4
gpt-3.5-turbo,angielski_japonska_weak,angielski,japonska,weak,17,4.733333333333333,6.0,2025-06-17T17:39:23.955660,2,6,4,6,4,6,4,6,6,4,6,6,5,6,4,6,6,6,6,6,6,6,6,4,6,6,4,6,6,6
gpt-3.5-turbo,angielski_japonska_weak,angielski,japonska,weak,18,4.6,5.866666666666666,2025-06-17T17:39:28.288076,3,5,6,6,3,6,4,6,4,5,6,6,5,6,4,6,6,5,6,4,6,6,6,3,6,6,5,6,6,5
gpt-3.5-turbo,angielski_japonska_weak,angielski,japonska,weak,19,4.466666666666667,5.6,2025-06-17T17:39:32.093842,3,5,4,6,3,6,5,6,6,5,6,5,4,6,4,6,5,4,6,5,6,6,5,3,5,6,5,6,5,4
gpt-3.5-turbo,angielski_japonska_weak,angielski,japonska,weak,20,4.733333333333333,6.0,2025-06-17T17:39:36.959765,3,6,4,6,4,6,6,6,6,4,6,6,4,6,4,6,6,6,6,4,6,6,6,4,6,6,4,6,6,6
gpt-3.5-turbo,angielski_japonska_weak,angielski,japonska,weak,21,4.133333333333334,5.8,2025-06-17T17:39:41.305413,2,5,6,6,2,6,5,6,2,5,6,5,5,6,5,6,6,5,6,3,6,6,6,2,6,6,2,6,6,5
gpt-3.5-turbo,angielski_japonska_weak,angielski,japonska,weak,22,4.666666666666667,6.133333333333334,2025-06-17T17:39:46.791427,3,5,6,6,2,6,4,6,7,5,6,7,5,6,4,6,7,6,5,4,7,6,6,3,6,6,4,7,5,6
gpt-3.5-turbo,angielski_japonska_weak,angielski,japonska,weak,23,4.2,6.133333333333334,2025-06-17T17:39:51.987826,2,5,4,6,3,5,3,6,6,4,6,7,5,6,5,6,7,5,6,3,7,7,6,3,7,6,3,7,3,6
gpt-3.5-turbo,angielski_japonska_weak,angielski,japonska,weak,24,4.8,5.266666666666667,2025-06-17T17:39:57.124905,3,5,6,6,3,6,5,4,6,5,6,5,5,6,4,5,6,6,5,4,4,6,5,4,6,5,4,6,5,5
gpt-3.5-turbo,angielski_japonska_weak,angielski,japonska,weak,25,4.533333333333333,5.866666666666666,2025-06-17T17:40:01.656424,4,6,6,6,4,6,5,6,4,5,6,6,4,6,4,6,6,5,5,4,6,6,6,4,5,6,4,6,4,5
gpt-3.5-turbo,angielski_japonska_weak,angielski,japonska,weak,26,4.133333333333334,6.266666666666667,2025-06-17T17:40:07.986149,2,5,6,6,2,6,5,7,5,5,6,7,5,6,5,7,6,5,7,2,7,6,6,2,5,6,2,7,5,5
gpt-3.5-turbo,angielski_japonska_weak,angielski,japonska,weak,27,4.533333333333333,6.0,2025-06-17T17:40:12.481402,3,6,4,6,3,6,5,6,6,5,6,6,6,6,4,6,6,4,6,3,6,6,6,3,6,6,4,6,6,6
gpt-3.5-turbo,angielski_japonska_weak,angielski,japonska,weak,28,5.2,5.8,2025-06-17T17:40:17.276855,3,5,6,5,4,5,6,6,6,5,6,6,6,6,4,6,6,6,6,5,6,6,6,4,6,6,5,6,6,6
gpt-3.5-turbo,angielski_japonska_weak,angielski,japonska,weak,29,3.2666666666666666,6.4,2025-06-17T17:40:22.238734,3,6,4,6,3,6,3,7,3,3,6,7,4,6,4,7,7,4,6,3,7,3,7,3,3,7,3,7,3,4
gpt-3.5-turbo,angielski_japonska_weak,angielski,japonska,weak,30,4.733333333333333,5.933333333333334,2025-06-17T17:40:26.695563,3,6,5,6,3,6,5,6,6,5,6,6,5,6,4,6,6,6,6,5,6,6,6,4,5,6,3,6,6,5
gpt-3.5-turbo,angielski_japonska_strong,angielski,japonska,strong,6,3.066666666666667,5.733333333333333,2025-06-17T17:40:30.363085,2,4,6,6,2,6,2,6,2,4,6,6,2,6,2,6,6,4,6,2,6,6,6,2,6,6,2,6,2,4
gpt-3.5-turbo,angielski_japonska_strong,angielski,japonska,strong,7,3.4,5.933333333333334,2025-06-17T17:40:34.612581,2,4,5,6,2,5,3,6,4,4,6,7,2,6,3,6,7,4,6,4,7,6,6,2,3,6,3,7,4,4
gpt-3.5-turbo,angielski_japonska_strong,angielski,japonska,strong,8,3.3333333333333335,5.733333333333333,2025-06-17T17:40:39.487312,2,4,6,6,2,6,2,6,4,4,6,6,2,6,2,6,6,4,6,4,6,6,6,2,4,6,2,6,4,4
gpt-3.5-turbo,angielski_japonska_strong,angielski,japonska,strong,9,2.6666666666666665,5.533333333333333,2025-06-17T17:40:43.563169,2,3,6,6,2,6,2,6,2,5,6,6,2,6,2,6,6,2,6,2,6,5,6,2,2,6,2,6,2,2
gpt-3.5-turbo,angielski_japonska_strong,angielski,japonska,strong,10,3.0,5.933333333333334,2025-06-17T17:40:48.813034,2,4,6,6,2,6,2,6,2,5,6,7,2,6,2,6,6,4,6,2,7,6,6,2,4,6,2,7,2,4
gpt-3.5-turbo,angielski_japonska_strong,angielski,japonska,strong,11,2.533333333333333,5.866666666666666,2025-06-17T17:40:53.351324,2,4,6,6,2,6,2,6,2,2,6,6,2,6,2,6,6,2,6,2,6,6,6,2,2,6,2,6,2,6
gpt-3.5-turbo,angielski_japonska_strong,angielski,japonska,strong,12,3.1333333333333333,5.933333333333334,2025-06-17T17:40:58.370565,2,5,6,6,2,6,2,6,3,5,6,6,2,6,3,6,6,5,6,3,6,6,6,2,2,6,2,6,2,6
gpt-3.5-turbo,angielski_japonska_strong,angielski,japonska,strong,13,3.066666666666667,5.866666666666666,2025-06-17T17:41:03.798481,2,4,6,6,2,6,2,6,2,4,6,6,2,6,2,6,6,4,6,4,6,6,6,2,2,6,2,6,4,6
gpt-3.5-turbo,angielski_japonska_strong,angielski,japonska,strong,14,3.066666666666667,5.6,2025-06-17T17:41:08.249659,2,4,6,5,2,5,4,6,2,4,6,6,2,6,2,6,6,4,6,2,6,6,6,2,2,6,2,6,4,4
gpt-3.5-turbo,angielski_japonska_strong,angielski,japonska,strong,15,2.933333333333333,5.933333333333334,2025-06-17T17:41:12.483397,2,5,6,6,2,6,2,6,2,5,6,6,2,6,2,6,6,5,6,2,6,6,6,2,2,6,2,6,2,6
gpt-3.5-turbo,angielski_japonska_strong,angielski,japonska,strong,16,3.2666666666666666,5.733333333333333,2025-06-17T17:41:15.981348,2,4,6,6,2,6,3,6,5,4,6,6,3,6,2,6,6,4,5,3,6,5,6,3,3,6,2,6,2,5
gpt-3.5-turbo,angielski_japonska_strong,angielski,japonska,strong,17,2.7333333333333334,5.666666666666667,2025-06-17T17:41:20.385778,2,4,6,6,2,6,2,6,3,3,6,6,2,6,2,6,6,3,6,2,6,6,6,2,2,6,2,6,2,3
gpt-3.5-turbo,angielski_japonska_strong,angielski,japonska,strong,18,2.7333333333333334,5.4,2025-06-17T17:41:23.514222,2,5,6,6,2,6,2,6,2,5,6,6,2,6,2,6,6,2,6,2,6,6,2,2,2,6,2,6,2,2
gpt-3.5-turbo,angielski_japonska_strong,angielski,japonska,strong,19,2.7333333333333334,5.933333333333334,2025-06-17T17:41:28.439602,2,5,6,6,2,6,2,6,2,5,6,6,2,6,2,6,6,2,6,2,6,6,6,2,2,6,2,6,2,6
gpt-3.5-turbo,angielski_japonska_strong,angielski,japonska,strong,20,3.2666666666666666,5.666666666666667,2025-06-17T17:41:31.709008,2,4,6,6,2,5,2,6,5,5,6,5,3,6,2,6,6,3,6,3,6,6,6,2,2,6,2,6,4,5
gpt-3.5-turbo,angielski_japonska_strong,angielski,japonska,strong,21,3.1333333333333333,5.866666666666666,2025-06-17T17:41:36.972076,2,4,6,6,2,5,4,6,1,5,6,7,2,6,4,6,7,3,6,2,7,6,6,2,4,6,2,7,2,3
gpt-3.5-turbo,angielski_japonska_strong,angielski,japonska,strong,22,2.6,5.533333333333333,2025-06-17T17:41:40.353749,2,3,6,6,2,5,2,6,2,2,6,6,2,6,3,6,6,2,6,2,6,6,6,2,2,6,2,6,2,3
gpt-3.5-turbo,angielski_japonska_strong,angielski,japonska,strong,23,3.066666666666667,5.6,2025-06-17T17:41:45.112789,2,4,6,6,2,6,2,6,2,4,6,6,2,6,2,6,6,4,6,4,6,6,6,2,2,6,2,6,4,2
gpt-3.5-turbo,angielski_japonska_strong,angielski,japonska,strong,24,3.4,6.2,2025-06-17T17:41:50.386643,2,5,6,6,2,6,5,6,3,4,6,7,2,7,2,6,7,5,6,2,7,5,6,2,4,7,2,7,5,4
gpt-3.5-turbo,angielski_japonska_strong,angielski,japonska,strong,25,3.2666666666666666,6.133333333333334,2025-06-17T17:41:54.806206,2,5,6,6,2,6,2,6,3,6,6,7,2,6,2,6,6,7,6,2,7,7,6,2,2,6,2,7,2,6
gpt-3.5-turbo,angielski_japonska_strong,angielski,japonska,strong,26,2.0,5.533333333333333,2025-06-17T17:41:58.701203,2,3,6,6,2,6,2,6,1,2,6,6,1,6,2,6,6,1,6,1,6,6,6,1,1,6,1,6,1,2
gpt-3.5-turbo,angielski_japonska_strong,angielski,japonska,strong,27,2.7333333333333334,5.533333333333333,2025-06-17T17:42:02.811400,2,3,6,6,2,6,2,6,2,3,6,6,2,6,2,6,6,2,6,3,6,6,6,2,2,6,2,6,3,2
gpt-3.5-turbo,angielski_japonska_strong,angielski,japonska,strong,28,2.6,5.733333333333333,2025-06-17T17:42:06.967784,2,4,4,6,2,6,2,6,1,4,6,6,2,6,2,6,6,4,6,2,6,6,6,2,2,6,2,6,2,4
gpt-3.5-turbo,angielski_japonska_strong,angielski,japonska,strong,29,3.533333333333333,5.533333333333333,2025-06-17T17:42:11.604927,2,4,6,6,2,6,4,6,3,4,6,6,2,6,3,6,6,3,6,4,6,6,4,3,4,6,3,6,4,3
gpt-3.5-turbo,angielski_japonska_strong,angielski,japonska,strong,30,2.8,6.133333333333334,2025-06-17T17:42:15.822712,2,5,6,6,2,6,2,6,1,5,6,7,2,7,2,6,7,4,6,2,7,6,6,2,2,6,2,7,2,4
